,sigma,lambda,Number of support vectors,MSE increase
0,0.001,1,159,0.0
1,0.001,1,158,0.0
2,0.001,1,157,0.0
3,0.001,1,156,0.0
4,0.001,1,155,0.0
5,0.001,1,154,0.0
6,0.001,1,153,0.0
7,0.001,1,152,0.0
8,0.001,1,151,0.0
9,0.001,1,150,0.0
10,0.001,1,149,0.0
11,0.001,1,148,0.0
12,0.001,1,147,0.0
13,0.001,1,146,0.0
14,0.001,1,145,0.0
15,0.001,1,144,0.0
16,0.001,1,143,0.0
17,0.001,1,142,0.0
18,0.001,1,141,0.0
19,0.001,1,140,0.0
20,0.001,1,139,0.0
21,0.001,1,138,0.0
22,0.001,1,137,0.0
23,0.001,1,136,0.0
24,0.001,1,135,0.0
25,0.001,1,134,0.0
26,0.001,1,133,0.0
27,0.001,1,132,0.0
28,0.001,1,131,0.0
29,0.001,1,130,0.0
30,0.001,1,129,0.0
31,0.001,1,128,0.0
32,0.001,1,127,0.0
33,0.001,1,126,0.0
34,0.001,1,125,0.0
35,0.001,1,124,0.0
36,0.001,1,123,0.0
37,0.001,1,122,0.0
38,0.001,1,121,0.0
39,0.001,1,120,0.0
40,0.001,1,119,0.0
41,0.001,1,118,0.0
42,0.001,1,117,0.0
43,0.001,1,116,0.0
44,0.001,1,115,0.0
45,0.001,1,114,0.0
46,0.001,1,113,0.0
47,0.001,1,112,0.0
48,0.001,1,111,0.0
49,0.001,1,110,0.0
50,0.001,1,109,0.0
51,0.001,1,108,0.0
52,0.001,1,107,0.0
53,0.001,1,106,0.0
54,0.001,1,105,0.0
55,0.001,1,104,0.0
56,0.001,1,103,0.0
57,0.001,1,102,0.0
58,0.001,1,101,0.0
59,0.001,1,100,0.0
60,0.001,1,99,0.0
61,0.001,1,98,0.0
62,0.001,1,97,0.0
63,0.001,1,96,0.0
64,0.001,1,95,0.0
65,0.001,1,94,0.0
66,0.001,1,93,0.0
67,0.001,1,92,0.0
68,0.001,1,91,0.0
69,0.001,1,90,0.0
70,0.001,1,89,0.0
71,0.001,1,88,0.0
72,0.001,1,87,0.0
73,0.001,1,86,0.0
74,0.001,1,85,0.0
75,0.001,1,84,0.0
76,0.001,1,83,0.0
77,0.001,1,82,0.0
78,0.001,1,81,0.0
79,0.001,1,80,0.0
80,0.001,1,79,0.0
81,0.001,1,78,0.0
82,0.001,1,77,0.0
83,0.001,1,76,0.0
84,0.001,1,75,0.0
85,0.001,1,74,0.0
86,0.001,1,73,0.0
87,0.001,1,72,0.0
88,0.001,1,71,0.0
89,0.001,1,70,0.0
90,0.001,1,69,0.0
91,0.001,1,68,0.0
92,0.001,1,67,0.0
93,0.001,1,66,0.0
94,0.001,1,65,0.0
95,0.001,1,64,0.0
96,0.001,1,63,0.0
97,0.001,1,62,0.0
98,0.001,1,61,0.0
99,0.001,1,60,0.0
100,0.001,1,59,0.0
101,0.001,1,58,0.0
102,0.001,1,57,0.0
103,0.001,1,56,0.0
104,0.001,1,55,0.0
105,0.001,1,54,0.0
106,0.001,1,53,0.0
107,0.001,1,52,0.0
108,0.001,1,51,0.0
109,0.001,1,50,0.0
110,0.001,1,49,0.0
111,0.001,1,48,0.0
112,0.001,1,47,0.0
113,0.001,1,46,0.0
114,0.001,1,45,0.0
115,0.001,1,44,0.0
116,0.001,1,43,0.0
117,0.001,1,42,0.0
118,0.001,1,41,0.0
119,0.001,1,40,0.0
120,0.001,1,39,0.0
121,0.001,1,38,0.0
122,0.001,1,37,0.0
123,0.001,1,36,0.0
124,0.001,1,35,0.0
125,0.001,1,34,0.0
126,0.001,1,33,0.0
127,0.001,1,32,0.0
128,0.001,1,31,0.0
129,0.001,1,30,0.0
130,0.001,1,29,0.0
131,0.001,1,28,0.0
132,0.001,1,27,0.0
133,0.001,1,26,0.0
134,0.001,1,25,0.0
135,0.001,1,24,0.0
136,0.001,1,23,0.0
137,0.001,1,22,0.0
138,0.001,1,21,0.0
139,0.001,1,20,0.0
140,0.001,1,19,0.0
141,0.001,1,18,0.0
142,0.001,1,17,0.0
143,0.001,1,16,0.0
144,0.001,1,15,0.0
145,0.001,1,14,0.0
146,0.001,1,13,0.0
147,0.001,1,12,0.0
148,0.001,1,11,0.0
149,0.001,1,10,0.0
150,0.001,1,9,0.0
151,0.001,1,8,0.0
152,0.001,1,7,0.0
153,0.001,1,6,0.0
154,0.001,1,5,0.0
155,0.001,1,4,0.0
156,0.001,1,3,0.0
157,0.001,1,2,0.0
158,0.001,1,1,0.0
0,0.001,11.421052631578947,159,0.0
1,0.001,11.421052631578947,158,0.0
2,0.001,11.421052631578947,157,0.0
3,0.001,11.421052631578947,156,0.0
4,0.001,11.421052631578947,155,0.0
5,0.001,11.421052631578947,154,0.0
6,0.001,11.421052631578947,153,0.0
7,0.001,11.421052631578947,152,0.0
8,0.001,11.421052631578947,151,0.0
9,0.001,11.421052631578947,150,0.0
10,0.001,11.421052631578947,149,0.0
11,0.001,11.421052631578947,148,0.0
12,0.001,11.421052631578947,147,0.0
13,0.001,11.421052631578947,146,0.0
14,0.001,11.421052631578947,145,0.0
15,0.001,11.421052631578947,144,0.0
16,0.001,11.421052631578947,143,0.0
17,0.001,11.421052631578947,142,0.0
18,0.001,11.421052631578947,141,0.0
19,0.001,11.421052631578947,140,0.0
20,0.001,11.421052631578947,139,0.0
21,0.001,11.421052631578947,138,0.0
22,0.001,11.421052631578947,137,0.0
23,0.001,11.421052631578947,136,0.0
24,0.001,11.421052631578947,135,0.0
25,0.001,11.421052631578947,134,0.0
26,0.001,11.421052631578947,133,0.0
27,0.001,11.421052631578947,132,0.0
28,0.001,11.421052631578947,131,0.0
29,0.001,11.421052631578947,130,0.0
30,0.001,11.421052631578947,129,0.0
31,0.001,11.421052631578947,128,0.0
32,0.001,11.421052631578947,127,0.0
33,0.001,11.421052631578947,126,0.0
34,0.001,11.421052631578947,125,0.0
35,0.001,11.421052631578947,124,0.0
36,0.001,11.421052631578947,123,0.0
37,0.001,11.421052631578947,122,0.0
38,0.001,11.421052631578947,121,0.0
39,0.001,11.421052631578947,120,0.0
40,0.001,11.421052631578947,119,0.0
41,0.001,11.421052631578947,118,0.0
42,0.001,11.421052631578947,117,0.0
43,0.001,11.421052631578947,116,0.0
44,0.001,11.421052631578947,115,0.0
45,0.001,11.421052631578947,114,0.0
46,0.001,11.421052631578947,113,0.0
47,0.001,11.421052631578947,112,0.0
48,0.001,11.421052631578947,111,0.0
49,0.001,11.421052631578947,110,0.0
50,0.001,11.421052631578947,109,0.0
51,0.001,11.421052631578947,108,0.0
52,0.001,11.421052631578947,107,0.0
53,0.001,11.421052631578947,106,0.0
54,0.001,11.421052631578947,105,0.0
55,0.001,11.421052631578947,104,0.0
56,0.001,11.421052631578947,103,0.0
57,0.001,11.421052631578947,102,0.0
58,0.001,11.421052631578947,101,0.0
59,0.001,11.421052631578947,100,0.0
60,0.001,11.421052631578947,99,0.0
61,0.001,11.421052631578947,98,0.0
62,0.001,11.421052631578947,97,0.0
63,0.001,11.421052631578947,96,0.0
64,0.001,11.421052631578947,95,0.0
65,0.001,11.421052631578947,94,0.0
66,0.001,11.421052631578947,93,0.0
67,0.001,11.421052631578947,92,0.0
68,0.001,11.421052631578947,91,0.0
69,0.001,11.421052631578947,90,0.0
70,0.001,11.421052631578947,89,0.0
71,0.001,11.421052631578947,88,0.0
72,0.001,11.421052631578947,87,0.0
73,0.001,11.421052631578947,86,0.0
74,0.001,11.421052631578947,85,0.0
75,0.001,11.421052631578947,84,0.0
76,0.001,11.421052631578947,83,0.0
77,0.001,11.421052631578947,82,0.0
78,0.001,11.421052631578947,81,0.0
79,0.001,11.421052631578947,80,0.0
80,0.001,11.421052631578947,79,0.0
81,0.001,11.421052631578947,78,0.0
82,0.001,11.421052631578947,77,0.0
83,0.001,11.421052631578947,76,0.0
84,0.001,11.421052631578947,75,0.0
85,0.001,11.421052631578947,74,0.0
86,0.001,11.421052631578947,73,0.0
87,0.001,11.421052631578947,72,0.0
88,0.001,11.421052631578947,71,0.0
89,0.001,11.421052631578947,70,0.0
90,0.001,11.421052631578947,69,0.0
91,0.001,11.421052631578947,68,0.0
92,0.001,11.421052631578947,67,0.0
93,0.001,11.421052631578947,66,0.0
94,0.001,11.421052631578947,65,0.0
95,0.001,11.421052631578947,64,0.0
96,0.001,11.421052631578947,63,0.0
97,0.001,11.421052631578947,62,0.0
98,0.001,11.421052631578947,61,0.0
99,0.001,11.421052631578947,60,0.0
100,0.001,11.421052631578947,59,0.0
101,0.001,11.421052631578947,58,0.0
102,0.001,11.421052631578947,57,0.0
103,0.001,11.421052631578947,56,0.0
104,0.001,11.421052631578947,55,0.0
105,0.001,11.421052631578947,54,0.0
106,0.001,11.421052631578947,53,0.0
107,0.001,11.421052631578947,52,0.0
108,0.001,11.421052631578947,51,0.0
109,0.001,11.421052631578947,50,0.0
110,0.001,11.421052631578947,49,0.0
111,0.001,11.421052631578947,48,0.0
112,0.001,11.421052631578947,47,0.0
113,0.001,11.421052631578947,46,0.0
114,0.001,11.421052631578947,45,0.0
115,0.001,11.421052631578947,44,0.0
116,0.001,11.421052631578947,43,0.0
117,0.001,11.421052631578947,42,0.0
118,0.001,11.421052631578947,41,0.0
119,0.001,11.421052631578947,40,0.0
120,0.001,11.421052631578947,39,0.0
121,0.001,11.421052631578947,38,0.0
122,0.001,11.421052631578947,37,0.0
123,0.001,11.421052631578947,36,0.0
124,0.001,11.421052631578947,35,0.0
125,0.001,11.421052631578947,34,0.0
126,0.001,11.421052631578947,33,0.0
127,0.001,11.421052631578947,32,0.0
128,0.001,11.421052631578947,31,0.0
129,0.001,11.421052631578947,30,0.0
130,0.001,11.421052631578947,29,0.0
131,0.001,11.421052631578947,28,0.0
132,0.001,11.421052631578947,27,0.0
133,0.001,11.421052631578947,26,0.0
134,0.001,11.421052631578947,25,0.0
135,0.001,11.421052631578947,24,0.0
136,0.001,11.421052631578947,23,0.0
137,0.001,11.421052631578947,22,0.0
138,0.001,11.421052631578947,21,0.0
139,0.001,11.421052631578947,20,0.0
140,0.001,11.421052631578947,19,0.0
141,0.001,11.421052631578947,18,0.0
142,0.001,11.421052631578947,17,0.0
143,0.001,11.421052631578947,16,0.0
144,0.001,11.421052631578947,15,0.0
145,0.001,11.421052631578947,14,0.0
146,0.001,11.421052631578947,13,0.0
147,0.001,11.421052631578947,12,0.0
148,0.001,11.421052631578947,11,0.0
149,0.001,11.421052631578947,10,0.0
150,0.001,11.421052631578947,9,0.0
151,0.001,11.421052631578947,8,0.0
152,0.001,11.421052631578947,7,0.0
153,0.001,11.421052631578947,6,0.0
154,0.001,11.421052631578947,5,0.0
155,0.001,11.421052631578947,4,0.0
156,0.001,11.421052631578947,3,0.0
157,0.001,11.421052631578947,2,0.0
158,0.001,11.421052631578947,1,0.0
0,0.01,1,159,0.0
1,0.01,1,158,0.0
2,0.01,1,157,0.0
3,0.01,1,156,-2.2737367544323206e-13
4,0.01,1,155,-2.2737367544323206e-13
5,0.01,1,154,-2.2737367544323206e-13
6,0.01,1,153,-2.2737367544323206e-13
7,0.01,1,152,-2.2737367544323206e-13
8,0.01,1,151,-2.2737367544323206e-13
9,0.01,1,150,1.4274095505584228e-06
10,0.01,1,149,1.4274095505584228e-06
11,0.01,1,148,0.00023509390332066005
12,0.01,1,147,0.00023509390332066005
13,0.01,1,146,0.00023509390332066005
14,0.01,1,145,0.00023509390332066005
15,0.01,1,144,0.00023509390332066005
16,0.01,1,143,0.00023509390332066005
17,0.01,1,142,0.00023509390332066005
18,0.01,1,141,0.00023509390332066005
19,0.01,1,140,0.00023509390332066005
20,0.01,1,139,0.00023509390332066005
21,0.01,1,138,0.00023509390332066005
22,0.01,1,137,0.00023509390332066005
23,0.01,1,136,0.00023509390332066005
24,0.01,1,135,0.00023509390332066005
25,0.01,1,134,0.00023509390332066005
26,0.01,1,133,0.00023509390332066005
27,0.01,1,132,0.00023509390332066005
28,0.01,1,131,0.00023509390332066005
29,0.01,1,130,0.00023509390332066005
30,0.01,1,129,0.00023509390332066005
31,0.01,1,128,0.00023509390332066005
32,0.01,1,127,0.00023509390332066005
33,0.01,1,126,0.00023509390332066005
34,0.01,1,125,0.00023509390332066005
35,0.01,1,124,0.00023509390332066005
36,0.01,1,123,0.00023509390332066005
37,0.01,1,122,0.00023509390332066005
38,0.01,1,121,0.00023509390332066005
39,0.01,1,120,0.00023509390332066005
40,0.01,1,119,0.00023509390332066005
41,0.01,1,118,0.00022674648985088197
42,0.01,1,117,0.00022674648985088197
43,0.01,1,116,0.00022674648985088197
44,0.01,1,115,0.00022674648985088197
45,0.01,1,114,0.00022674648985088197
46,0.01,1,113,0.00022674648985088197
47,0.01,1,112,0.00022674648985088197
48,0.01,1,111,0.00022674648985088197
49,0.01,1,110,0.00022674648985088197
50,0.01,1,109,0.00022674648985088197
51,0.01,1,108,0.00022674648985088197
52,0.01,1,107,0.0002267462922844743
53,0.01,1,106,0.0002267462922844743
54,0.01,1,105,0.0002267462922844743
55,0.01,1,104,0.0002267462922844743
56,0.01,1,103,0.0002267462922844743
57,0.01,1,102,0.0002267462922844743
58,0.01,1,101,0.0002267462922844743
59,0.01,1,100,0.0002267462922844743
60,0.01,1,99,0.0002267462922844743
61,0.01,1,98,0.0002267462922844743
62,0.01,1,97,0.0002267462922844743
63,0.01,1,96,0.0002267462922844743
64,0.01,1,95,0.0002267462922844743
65,0.01,1,94,0.0002267462922844743
66,0.01,1,93,0.0002267462922844743
67,0.01,1,92,0.0002267462922844743
68,0.01,1,91,0.0002267462922844743
69,0.01,1,90,0.0002267462922844743
70,0.01,1,89,0.0002267462922844743
71,0.01,1,88,0.0002267462922844743
72,0.01,1,87,0.0002267462922844743
73,0.01,1,86,0.0002267462922844743
74,0.01,1,85,0.0002267462922844743
75,0.01,1,84,0.0002267462922844743
76,0.01,1,83,0.0002267468942775963
77,0.01,1,82,0.00022674689417812033
78,0.01,1,81,0.00023870310351270518
79,0.01,1,80,0.00023870310351270518
80,0.01,1,79,0.00023870310351270518
81,0.01,1,78,-0.01041482805754157
82,0.01,1,77,-0.01041482805754157
83,0.01,1,76,-0.01041482805754157
84,0.01,1,75,-0.01041482805754157
85,0.01,1,74,-0.01041482805754157
86,0.01,1,73,-0.010414828059225556
87,0.01,1,72,-0.010414828059225556
88,0.01,1,71,-0.010414828059225556
89,0.01,1,70,0.1330376549800789
90,0.01,1,69,0.1330376549800789
91,0.01,1,68,0.1330376549800789
92,0.01,1,67,0.1330376549800789
93,0.01,1,66,0.1330376549800789
94,0.01,1,65,0.1330376549800789
95,0.01,1,64,0.1342325740780268
96,0.01,1,63,0.1342325740780268
97,0.01,1,62,0.1342325740780268
98,0.01,1,61,0.1342325740780268
99,0.01,1,60,0.1342325740780268
100,0.01,1,59,0.1342325740780268
101,0.01,1,58,0.13423257429218438
102,0.01,1,57,0.134232403552204
103,0.01,1,56,0.134232403552204
104,0.01,1,55,0.1342323750907326
105,0.01,1,54,0.1342323750907326
106,0.01,1,53,0.1342323750907326
107,0.01,1,52,0.1342323750907326
108,0.01,1,51,0.1342323750907326
109,0.01,1,50,0.1342323750907326
110,0.01,1,49,0.1342323750907326
111,0.01,1,48,0.1342323750907326
112,0.01,1,47,0.1342323750907326
113,0.01,1,46,0.1342323929137592
114,0.01,1,45,0.13423258179872732
115,0.01,1,44,0.13423258179872732
116,0.01,1,43,0.13423258179872732
117,0.01,1,42,0.13423270419129807
118,0.01,1,41,0.1341617253459475
119,0.01,1,40,0.1341617253459475
120,0.01,1,39,0.1341617253459475
121,0.01,1,38,0.13358402705053862
122,0.01,1,37,0.13358402705053862
123,0.01,1,36,0.13358402705053862
124,0.01,1,35,0.13358402705053862
125,0.01,1,34,0.1335840270515405
126,0.01,1,33,0.1335840270515405
127,0.01,1,32,0.1335840270515405
128,0.01,1,31,0.1335840270515405
129,0.01,1,30,0.1335840270515405
130,0.01,1,29,0.1335840270515405
131,0.01,1,28,0.1335840270515405
132,0.01,1,27,0.1335840270515405
133,0.01,1,26,0.1335840270515405
134,0.01,1,25,0.1335840270515405
135,0.01,1,24,0.13358402705158312
136,0.01,1,23,0.13358402705158312
137,0.01,1,22,0.13358402705161865
138,0.01,1,21,0.13358402705161865
139,0.01,1,20,0.13358402705161865
140,0.01,1,19,0.13358402705161865
141,0.01,1,18,0.13358402705161865
142,0.01,1,17,0.13358402705161865
143,0.01,1,16,0.13358402705161865
144,0.01,1,15,0.13358402705161865
145,0.01,1,14,0.13358402705161865
146,0.01,1,13,0.13358402705161865
147,0.01,1,12,0.13358402705161865
148,0.01,1,11,0.13358402705161865
149,0.01,1,10,0.13358402705161865
150,0.01,1,9,0.13358402705161865
151,0.01,1,8,0.13358402705161865
152,0.01,1,7,0.13358402705161865
153,0.01,1,6,0.13358402705161865
154,0.01,1,5,0.13358402705161865
155,0.01,1,4,0.13358402705161865
156,0.01,1,3,0.13358402705161865
157,0.01,1,2,0.13358402705161865
158,0.01,1,1,0.13358402705161865
0,0.01,21.842105263157894,159,0.0
1,0.01,21.842105263157894,158,0.0
2,0.01,21.842105263157894,157,0.0
3,0.01,21.842105263157894,156,0.0
4,0.01,21.842105263157894,155,0.0
5,0.01,21.842105263157894,154,0.0
6,0.01,21.842105263157894,153,0.0
7,0.01,21.842105263157894,152,0.0
8,0.01,21.842105263157894,151,0.0
9,0.01,21.842105263157894,150,0.0
10,0.01,21.842105263157894,149,0.0
11,0.01,21.842105263157894,148,0.0
12,0.01,21.842105263157894,147,0.0
13,0.01,21.842105263157894,146,0.0
14,0.01,21.842105263157894,145,0.0
15,0.01,21.842105263157894,144,1.2175879206210993e-05
16,0.01,21.842105263157894,143,1.2175879206210993e-05
17,0.01,21.842105263157894,142,1.2175879206210993e-05
18,0.01,21.842105263157894,141,1.2175879206210993e-05
19,0.01,21.842105263157894,140,1.2175879206210993e-05
20,0.01,21.842105263157894,139,1.2175879206210993e-05
21,0.01,21.842105263157894,138,1.2175879206210993e-05
22,0.01,21.842105263157894,137,1.217587913515672e-05
23,0.01,21.842105263157894,136,1.217587913515672e-05
24,0.01,21.842105263157894,135,1.217587913515672e-05
25,0.01,21.842105263157894,134,1.2195960934491268e-05
26,0.01,21.842105263157894,133,1.2195960934491268e-05
27,0.01,21.842105263157894,132,1.2195960934491268e-05
28,0.01,21.842105263157894,131,1.2195960934491268e-05
29,0.01,21.842105263157894,130,1.2195960934491268e-05
30,0.01,21.842105263157894,129,1.2195960913174986e-05
31,0.01,21.842105263157894,128,1.2195960913174986e-05
32,0.01,21.842105263157894,127,1.2195960913174986e-05
33,0.01,21.842105263157894,126,1.2195960913174986e-05
34,0.01,21.842105263157894,125,1.2195960913174986e-05
35,0.01,21.842105263157894,124,1.2195960913174986e-05
36,0.01,21.842105263157894,123,1.2195960913174986e-05
37,0.01,21.842105263157894,122,1.2195960913174986e-05
38,0.01,21.842105263157894,121,1.2195960913174986e-05
39,0.01,21.842105263157894,120,1.2195960913174986e-05
40,0.01,21.842105263157894,119,1.2195960913174986e-05
41,0.01,21.842105263157894,118,1.2195960913174986e-05
42,0.01,21.842105263157894,117,1.2195960913174986e-05
43,0.01,21.842105263157894,116,1.1627455329232816e-05
44,0.01,21.842105263157894,115,1.1627455329232816e-05
45,0.01,21.842105263157894,114,1.1627455329232816e-05
46,0.01,21.842105263157894,113,1.1627455329232816e-05
47,0.01,21.842105263157894,112,1.1627455329232816e-05
48,0.01,21.842105263157894,111,1.1627455329232816e-05
49,0.01,21.842105263157894,110,1.1627473597286553e-05
50,0.01,21.842105263157894,109,1.1627473597286553e-05
51,0.01,21.842105263157894,108,1.1627473597286553e-05
52,0.01,21.842105263157894,107,1.1627473597286553e-05
53,0.01,21.842105263157894,106,1.1627473597286553e-05
54,0.01,21.842105263157894,105,1.1627473597286553e-05
55,0.01,21.842105263157894,104,1.1627473597286553e-05
56,0.01,21.842105263157894,103,1.1627473597286553e-05
57,0.01,21.842105263157894,102,1.1627473597286553e-05
58,0.01,21.842105263157894,101,1.197977768185865e-05
59,0.01,21.842105263157894,100,1.197977768185865e-05
60,0.01,21.842105263157894,99,1.197977768185865e-05
61,0.01,21.842105263157894,98,1.197977768185865e-05
62,0.01,21.842105263157894,97,1.197977768185865e-05
63,0.01,21.842105263157894,96,1.197977768185865e-05
64,0.01,21.842105263157894,95,1.197977768185865e-05
65,0.01,21.842105263157894,94,1.197977768185865e-05
66,0.01,21.842105263157894,93,1.197977768185865e-05
67,0.01,21.842105263157894,92,1.197977768185865e-05
68,0.01,21.842105263157894,91,1.197977768185865e-05
69,0.01,21.842105263157894,90,1.197977768185865e-05
70,0.01,21.842105263157894,89,1.197977768185865e-05
71,0.01,21.842105263157894,88,1.197977768185865e-05
72,0.01,21.842105263157894,87,1.197977768185865e-05
73,0.01,21.842105263157894,86,1.197977768185865e-05
74,0.01,21.842105263157894,85,1.197977768185865e-05
75,0.01,21.842105263157894,84,1.197977768185865e-05
76,0.01,21.842105263157894,83,1.197977768185865e-05
77,0.01,21.842105263157894,82,1.197977768185865e-05
78,0.01,21.842105263157894,81,1.197977768185865e-05
79,0.01,21.842105263157894,80,1.1973458711622698e-05
80,0.01,21.842105263157894,79,1.1973458711622698e-05
81,0.01,21.842105263157894,78,1.1973458711622698e-05
82,0.01,21.842105263157894,77,1.1973458711622698e-05
83,0.01,21.842105263157894,76,1.1973458711622698e-05
84,0.01,21.842105263157894,75,1.1973458711622698e-05
85,0.01,21.842105263157894,74,1.1973458711622698e-05
86,0.01,21.842105263157894,73,1.1973458711622698e-05
87,0.01,21.842105263157894,72,5.621331162330989e-05
88,0.01,21.842105263157894,71,5.621331162330989e-05
89,0.01,21.842105263157894,70,5.621331162330989e-05
90,0.01,21.842105263157894,69,5.621331162330989e-05
91,0.01,21.842105263157894,68,5.621331162330989e-05
92,0.01,21.842105263157894,67,5.6213302229934925e-05
93,0.01,21.842105263157894,66,5.6213302229934925e-05
94,0.01,21.842105263157894,65,5.6213302229934925e-05
95,0.01,21.842105263157894,64,5.621330582528117e-05
96,0.01,21.842105263157894,63,5.621330582528117e-05
97,0.01,21.842105263157894,62,5.621330582528117e-05
98,0.01,21.842105263157894,61,5.621330582528117e-05
99,0.01,21.842105263157894,60,5.621330582528117e-05
100,0.01,21.842105263157894,59,5.621330582528117e-05
101,0.01,21.842105263157894,58,5.621387639109798e-05
102,0.01,21.842105263157894,57,5.621387639109798e-05
103,0.01,21.842105263157894,56,-0.00045036510086049475
104,0.01,21.842105263157894,55,-0.00045036510086049475
105,0.01,21.842105263157894,54,0.005440349543640366
106,0.01,21.842105263157894,53,0.005440349543640366
107,0.01,21.842105263157894,52,0.005440349543640366
108,0.01,21.842105263157894,51,0.005440349543640366
109,0.01,21.842105263157894,50,0.005440349543640366
110,0.01,21.842105263157894,49,0.005440349543640366
111,0.01,21.842105263157894,48,0.005440354073492415
112,0.01,21.842105263157894,47,0.005440354073492415
113,0.01,21.842105263157894,46,0.005440354073492415
114,0.01,21.842105263157894,45,0.005440354073492415
115,0.01,21.842105263157894,44,0.005440354073492415
116,0.01,21.842105263157894,43,0.005440354073492415
117,0.01,21.842105263157894,42,0.005440361900845403
118,0.01,21.842105263157894,41,0.005440361900845403
119,0.01,21.842105263157894,40,0.005440361900845403
120,0.01,21.842105263157894,39,0.00544036054732544
121,0.01,21.842105263157894,38,0.00544036054732544
122,0.01,21.842105263157894,37,0.00544036054732544
123,0.01,21.842105263157894,36,0.00544036054732544
124,0.01,21.842105263157894,35,0.0054369849056215
125,0.01,21.842105263157894,34,0.0054369849056215
126,0.01,21.842105263157894,33,0.0054369849056215
127,0.01,21.842105263157894,32,0.005409511510706011
128,0.01,21.842105263157894,31,0.005409511510706011
129,0.01,21.842105263157894,30,0.005409511510706011
130,0.01,21.842105263157894,29,0.005409511510706011
131,0.01,21.842105263157894,28,0.005409511510706011
132,0.01,21.842105263157894,27,0.005409511510706011
133,0.01,21.842105263157894,26,0.005409511510706011
134,0.01,21.842105263157894,25,0.005409511510706011
135,0.01,21.842105263157894,24,0.005409511510706011
136,0.01,21.842105263157894,23,0.005409511510706011
137,0.01,21.842105263157894,22,0.005409511510741538
138,0.01,21.842105263157894,21,0.005409511510741538
139,0.01,21.842105263157894,20,0.005409511510741538
140,0.01,21.842105263157894,19,0.005409511510741538
141,0.01,21.842105263157894,18,0.005409511510741538
142,0.01,21.842105263157894,17,0.005409511510741538
143,0.01,21.842105263157894,16,0.005409511510741538
144,0.01,21.842105263157894,15,0.005409511510741538
145,0.01,21.842105263157894,14,0.005409511510741538
146,0.01,21.842105263157894,13,0.005409511510741538
147,0.01,21.842105263157894,12,0.005409511510741538
148,0.01,21.842105263157894,11,0.005409511510741538
149,0.01,21.842105263157894,10,0.005409511510741538
150,0.01,21.842105263157894,9,0.005409511510741538
151,0.01,21.842105263157894,8,0.005409511510741538
152,0.01,21.842105263157894,7,0.005409511510741538
153,0.01,21.842105263157894,6,0.005409511510741538
154,0.01,21.842105263157894,5,0.005409511510741538
155,0.01,21.842105263157894,4,0.005409511510741538
156,0.01,21.842105263157894,3,0.005409511510741538
157,0.01,21.842105263157894,2,0.005409511510741538
158,0.01,21.842105263157894,1,0.005409511510741538
0,0.1,1,159,6.926882178959204e-09
1,0.1,1,158,9.629167152525042e-08
2,0.1,1,157,-1.1177651764171515e-05
3,0.1,1,156,-0.17150639984832594
4,0.1,1,155,-0.17132486244068446
5,0.1,1,154,-0.1999439387677029
6,0.1,1,153,-0.2016474055019728
7,0.1,1,152,-0.07042961483510624
8,0.1,1,151,-0.05129217489953675
9,0.1,1,150,-0.049119812794636175
10,0.1,1,149,-0.049150404583279794
11,0.1,1,148,-0.049496695239184874
12,0.1,1,147,-0.045540482449233366
13,0.1,1,146,-0.044459515309299036
14,0.1,1,145,-0.10195601280930333
15,0.1,1,144,-0.10269601340613121
16,0.1,1,143,-0.10344694415778832
17,0.1,1,142,-0.09463357286743701
18,0.1,1,141,-0.0924867228969859
19,0.1,1,140,-0.28417568356622525
20,0.1,1,139,-0.2822575020871412
21,0.1,1,138,-0.23450342153190462
22,0.1,1,137,-0.24168697970288378
23,0.1,1,136,-0.21015369793387606
24,0.1,1,135,0.022164482434028798
25,0.1,1,134,0.026855022397107575
26,0.1,1,133,-0.008471407406233311
27,0.1,1,132,-0.009780971036519759
28,0.1,1,131,0.03151819131170441
29,0.1,1,130,0.21429159744926807
30,0.1,1,129,0.3634170258115219
31,0.1,1,128,0.39958338437052277
32,0.1,1,127,0.39927104212301856
33,0.1,1,126,0.4242825772229608
34,0.1,1,125,0.4245025652678933
35,0.1,1,124,0.4094627395364938
36,0.1,1,123,0.4879802496640906
37,0.1,1,122,0.49993971701248086
38,0.1,1,121,0.6131854787164599
39,0.1,1,120,0.5499332385080322
40,0.1,1,119,0.8851678348022176
41,0.1,1,118,0.909761778933813
42,0.1,1,117,0.90940550085665
43,0.1,1,116,0.9075394885849164
44,0.1,1,115,1.2755062414157408
45,0.1,1,114,1.566645666891354
46,0.1,1,113,1.5665837233575886
47,0.1,1,112,1.5658759318347109
48,0.1,1,111,2.0413096573304443
49,0.1,1,110,2.4995664470147076
50,0.1,1,109,2.741113803725142
51,0.1,1,108,2.737060422999491
52,0.1,1,107,2.158525446787081
53,0.1,1,106,2.373610815690803
54,0.1,1,105,2.102492993175815
55,0.1,1,104,2.1272081416450916
56,0.1,1,103,2.1179939370920025
57,0.1,1,102,1.9290217155632732
58,0.1,1,101,2.0937684140854387
59,0.1,1,100,2.0951576123322084
60,0.1,1,99,2.089385569510938
61,0.1,1,98,2.0857533704161426
62,0.1,1,97,2.1888997695475894
63,0.1,1,96,2.1007877932024854
64,0.1,1,95,2.102503140589903
65,0.1,1,94,2.10248532419552
66,0.1,1,93,1.9035538924470004
67,0.1,1,92,2.3503125018987703
68,0.1,1,91,2.3537390839590344
69,0.1,1,90,2.0029588755829124
70,0.1,1,89,1.9696625838594102
71,0.1,1,88,1.687372814869505
72,0.1,1,87,1.6759549103860891
73,0.1,1,86,1.670860247702322
74,0.1,1,85,2.124597881663739
75,0.1,1,84,2.1169620112141203
76,0.1,1,83,2.1858858138174284
77,0.1,1,82,1.9391109779125273
78,0.1,1,81,1.928373422032827
79,0.1,1,80,1.9301377557925363
80,0.1,1,79,2.2335867780654226
81,0.1,1,78,2.233601535159835
82,0.1,1,77,2.222667313560038
83,0.1,1,76,2.695404669208351
84,0.1,1,75,2.6955513662917667
85,0.1,1,74,2.694650466110012
86,0.1,1,73,2.7434221408582076
87,0.1,1,72,2.737448472438224
88,0.1,1,71,2.7374611812643153
89,0.1,1,70,2.7329083455916034
90,0.1,1,69,2.7305450509916938
91,0.1,1,68,2.4990784076673904
92,0.1,1,67,2.4995680199156283
93,0.1,1,66,2.0072015708394986
94,0.1,1,65,2.0651103817277914
95,0.1,1,64,2.040762426431428
96,0.1,1,63,1.457511281717359
97,0.1,1,62,1.1249721285128373
98,0.1,1,61,1.218334495830021
99,0.1,1,60,1.51015252948838
100,0.1,1,59,1.237590911491239
101,0.1,1,58,1.318439799156991
102,0.1,1,57,1.2323418870826686
103,0.1,1,56,0.8815798439072537
104,0.1,1,55,0.89252863363469
105,0.1,1,54,0.8894510430607667
106,0.1,1,53,0.5978083642255712
107,0.1,1,52,0.5972497164804196
108,0.1,1,51,0.9348543798082716
109,0.1,1,50,0.45511930861351857
110,0.1,1,49,0.5703565197358031
111,0.1,1,48,0.5578629400006605
112,0.1,1,47,0.669529296431314
113,0.1,1,46,0.2812700746033556
114,0.1,1,45,0.2848030694214714
115,0.1,1,44,0.32837939969178365
116,0.1,1,43,0.3275074342872699
117,0.1,1,42,-0.32261510264314097
118,0.1,1,41,0.24518722746230992
119,0.1,1,40,0.24518786705476003
120,0.1,1,39,0.3343861756251201
121,0.1,1,38,0.6896348796420781
122,0.1,1,37,1.0091284322072056
123,0.1,1,36,1.0168746993720958
124,0.1,1,35,1.0162207456620322
125,0.1,1,34,1.0550816145269337
126,0.1,1,33,1.054772235154374
127,0.1,1,32,1.2789053112850866
128,0.1,1,31,2.0694718889694457
129,0.1,1,30,2.0986886044045505
130,0.1,1,29,2.0936498634861778
131,0.1,1,28,2.322438334539733
132,0.1,1,27,2.3226795477612114
133,0.1,1,26,2.3227150258019265
134,0.1,1,25,2.326308625709558
135,0.1,1,24,2.3278049874609152
136,0.1,1,23,2.333839960126909
137,0.1,1,22,2.3338430646300523
138,0.1,1,21,2.3575121739392344
139,0.1,1,20,2.3747833513371575
140,0.1,1,19,2.389058548182497
141,0.1,1,18,2.382187600672708
142,0.1,1,17,2.4067591481056
143,0.1,1,16,2.4578708933836992
144,0.1,1,15,2.2024113535160836
145,0.1,1,14,2.337956272389526
146,0.1,1,13,2.4025432491592866
147,0.1,1,12,2.431114542365485
148,0.1,1,11,2.4641873153547564
149,0.1,1,10,2.4647150697663065
150,0.1,1,9,2.4655790565334996
151,0.1,1,8,2.556287711137877
152,0.1,1,7,2.612638840292732
153,0.1,1,6,2.6126476390522058
154,0.1,1,5,2.6118733269079186
155,0.1,1,4,2.623162413058509
156,0.1,1,3,2.6310729478233768
157,0.1,1,2,2.6312652954325984
158,0.1,1,1,2.5002360095679705
0,0.1,0.2113157894736842,159,-2.727517767198151e-09
1,0.1,0.2113157894736842,158,-3.766288614315272e-09
2,0.1,0.2113157894736842,157,4.8683367211310724e-05
3,0.1,0.2113157894736842,156,-0.0008397813206570959
4,0.1,0.2113157894736842,155,-0.02764029875920926
5,0.1,0.2113157894736842,154,-0.018543718001865273
6,0.1,0.2113157894736842,153,-0.019138587873761992
7,0.1,0.2113157894736842,152,-0.019518786810650113
8,0.1,0.2113157894736842,151,-0.08979905315385395
9,0.1,0.2113157894736842,150,0.14677529656947996
10,0.1,0.2113157894736842,149,0.031416719641370605
11,0.1,0.2113157894736842,148,0.03393065665468242
12,0.1,0.2113157894736842,147,0.03453529447584458
13,0.1,0.2113157894736842,146,0.034552171897381356
14,0.1,0.2113157894736842,145,0.09946074224244228
15,0.1,0.2113157894736842,144,0.0890281375034192
16,0.1,0.2113157894736842,143,0.07872765138331772
17,0.1,0.2113157894736842,142,0.22602320758035432
18,0.1,0.2113157894736842,141,0.09402378945127055
19,0.1,0.2113157894736842,140,0.14475800021349272
20,0.1,0.2113157894736842,139,0.14958480276517605
21,0.1,0.2113157894736842,138,0.14842184754339627
22,0.1,0.2113157894736842,137,0.14814239011691654
23,0.1,0.2113157894736842,136,0.12841838037003583
24,0.1,0.2113157894736842,135,0.1437981473458052
25,0.1,0.2113157894736842,134,0.14348299674865217
26,0.1,0.2113157894736842,133,0.14568146961081396
27,0.1,0.2113157894736842,132,0.16690321263000385
28,0.1,0.2113157894736842,131,0.17014375969375806
29,0.1,0.2113157894736842,130,0.14977893981430412
30,0.1,0.2113157894736842,129,0.1492349200266858
31,0.1,0.2113157894736842,128,0.135000423178667
32,0.1,0.2113157894736842,127,-0.775335179697251
33,0.1,0.2113157894736842,126,0.5947837950791524
34,0.1,0.2113157894736842,125,0.48659917256856033
35,0.1,0.2113157894736842,124,0.5762649727740623
36,0.1,0.2113157894736842,123,0.5653676263004428
37,0.1,0.2113157894736842,122,0.4175745947542282
38,0.1,0.2113157894736842,121,0.41507205690807325
39,0.1,0.2113157894736842,120,2.6473321612657372
40,0.1,0.2113157894736842,119,5.926891375116213
41,0.1,0.2113157894736842,118,5.927853873785331
42,0.1,0.2113157894736842,117,6.050189303319101
43,0.1,0.2113157894736842,116,3.349707784316216
44,0.1,0.2113157894736842,115,3.399346076425921
45,0.1,0.2113157894736842,114,5.21496270715005
46,0.1,0.2113157894736842,113,5.4749049238620415
47,0.1,0.2113157894736842,112,6.1767427050291985
48,0.1,0.2113157894736842,111,10.35683679230128
49,0.1,0.2113157894736842,110,10.456580549025347
50,0.1,0.2113157894736842,109,10.914270359581963
51,0.1,0.2113157894736842,108,10.859500518009071
52,0.1,0.2113157894736842,107,6.621962098094627
53,0.1,0.2113157894736842,106,4.218904898395905
54,0.1,0.2113157894736842,105,4.153790748497087
55,0.1,0.2113157894736842,104,3.814705575962954
56,0.1,0.2113157894736842,103,3.815539989834278
57,0.1,0.2113157894736842,102,2.0477275913088206
58,0.1,0.2113157894736842,101,3.2073355293144203
59,0.1,0.2113157894736842,100,3.2059659214676586
60,0.1,0.2113157894736842,99,4.251661841115208
61,0.1,0.2113157894736842,98,4.253830617821691
62,0.1,0.2113157894736842,97,4.249770615611212
63,0.1,0.2113157894736842,96,4.625681077715136
64,0.1,0.2113157894736842,95,3.0483332359105475
65,0.1,0.2113157894736842,94,3.0472946013325313
66,0.1,0.2113157894736842,93,3.0037532736333574
67,0.1,0.2113157894736842,92,2.291197903034302
68,0.1,0.2113157894736842,91,2.291204475373867
69,0.1,0.2113157894736842,90,2.2088032625459064
70,0.1,0.2113157894736842,89,2.6073611087018094
71,0.1,0.2113157894736842,88,6.39254292876651
72,0.1,0.2113157894736842,87,6.392705094781945
73,0.1,0.2113157894736842,86,11.408432265018504
74,0.1,0.2113157894736842,85,11.434330028131384
75,0.1,0.2113157894736842,84,11.365144336455984
76,0.1,0.2113157894736842,83,11.85578132837199
77,0.1,0.2113157894736842,82,11.877178390168652
78,0.1,0.2113157894736842,81,12.289241038920196
79,0.1,0.2113157894736842,80,12.296421986200386
80,0.1,0.2113157894736842,79,12.297583155259787
81,0.1,0.2113157894736842,78,11.552449230351357
82,0.1,0.2113157894736842,77,11.55411047010827
83,0.1,0.2113157894736842,76,11.41348564411281
84,0.1,0.2113157894736842,75,11.41312361636875
85,0.1,0.2113157894736842,74,11.423512897787106
86,0.1,0.2113157894736842,73,11.369925235585654
87,0.1,0.2113157894736842,72,10.927048353253127
88,0.1,0.2113157894736842,71,8.192425740736859
89,0.1,0.2113157894736842,70,8.191935623937901
90,0.1,0.2113157894736842,69,6.240015404603824
91,0.1,0.2113157894736842,68,6.198898671550673
92,0.1,0.2113157894736842,67,6.19690867897026
93,0.1,0.2113157894736842,66,9.984636245073588
94,0.1,0.2113157894736842,65,12.473459911497201
95,0.1,0.2113157894736842,64,12.264328577566616
96,0.1,0.2113157894736842,63,12.22335548854663
97,0.1,0.2113157894736842,62,12.233847495340825
98,0.1,0.2113157894736842,61,9.189805364008429
99,0.1,0.2113157894736842,60,9.189534337985478
100,0.1,0.2113157894736842,59,9.165664880705343
101,0.1,0.2113157894736842,58,11.627542159482672
102,0.1,0.2113157894736842,57,11.843108349734294
103,0.1,0.2113157894736842,56,11.81487228484876
104,0.1,0.2113157894736842,55,12.427713612701439
105,0.1,0.2113157894736842,54,8.462940258674678
106,0.1,0.2113157894736842,53,8.864293224831215
107,0.1,0.2113157894736842,52,8.862390259637337
108,0.1,0.2113157894736842,51,8.838519709032276
109,0.1,0.2113157894736842,50,6.301200574593018
110,0.1,0.2113157894736842,49,5.018241000883691
111,0.1,0.2113157894736842,48,5.496988449551317
112,0.1,0.2113157894736842,47,10.920246577026177
113,0.1,0.2113157894736842,46,9.84735246217101
114,0.1,0.2113157894736842,45,10.704495933626362
115,0.1,0.2113157894736842,44,9.682580831035864
116,0.1,0.2113157894736842,43,9.675751937301278
117,0.1,0.2113157894736842,42,4.0774662683151774
118,0.1,0.2113157894736842,41,4.171468664713316
119,0.1,0.2113157894736842,40,4.078284612137871
120,0.1,0.2113157894736842,39,4.350320642879424
121,0.1,0.2113157894736842,38,4.406621331637076
122,0.1,0.2113157894736842,37,4.419893117474018
123,0.1,0.2113157894736842,36,1.2582523801670362
124,0.1,0.2113157894736842,35,1.1636958146477667
125,0.1,0.2113157894736842,34,1.1838390304211401
126,0.1,0.2113157894736842,33,1.436421183792774
127,0.1,0.2113157894736842,32,1.4328485279105863
128,0.1,0.2113157894736842,31,2.844384850236736
129,0.1,0.2113157894736842,30,8.560328682022337
130,0.1,0.2113157894736842,29,10.226371083226624
131,0.1,0.2113157894736842,28,6.743006745506172
132,0.1,0.2113157894736842,27,6.749297228469587
133,0.1,0.2113157894736842,26,11.46312742496319
134,0.1,0.2113157894736842,25,8.564229384369753
135,0.1,0.2113157894736842,24,8.562993433861529
136,0.1,0.2113157894736842,23,10.027229444230471
137,0.1,0.2113157894736842,22,3.509196285635049
138,0.1,0.2113157894736842,21,3.5701109894350225
139,0.1,0.2113157894736842,20,3.6390523246481408
140,0.1,0.2113157894736842,19,3.492090255585552
141,0.1,0.2113157894736842,18,3.485237993096277
142,0.1,0.2113157894736842,17,3.54269933042972
143,0.1,0.2113157894736842,16,3.5463527913273865
144,0.1,0.2113157894736842,15,3.3795829144795917
145,0.1,0.2113157894736842,14,3.381745933395756
146,0.1,0.2113157894736842,13,3.359941642767538
147,0.1,0.2113157894736842,12,3.4679312112125302
148,0.1,0.2113157894736842,11,3.4576890353013567
149,0.1,0.2113157894736842,10,3.8399852930211082
150,0.1,0.2113157894736842,9,3.839953310927136
151,0.1,0.2113157894736842,8,4.22273142615181
152,0.1,0.2113157894736842,7,4.471138985708123
153,0.1,0.2113157894736842,6,4.600944047891019
154,0.1,0.2113157894736842,5,2.916302525815503
155,0.1,0.2113157894736842,4,2.8987817950627104
156,0.1,0.2113157894736842,3,2.9338808634598976
157,0.1,0.2113157894736842,2,2.9342239807073867
158,0.1,0.2113157894736842,1,2.1074487331345964
0,1.0,1,159,-9.785564998310292e-07
1,1.0,1,158,-0.0002485036995594214
2,1.0,1,157,-0.3775790857451966
3,1.0,1,156,-0.027256793740725982
4,1.0,1,155,1.7124839987044425
5,1.0,1,154,-0.36154907090531907
6,1.0,1,153,-2.282008580258662
7,1.0,1,152,-3.189627936973139
8,1.0,1,151,-3.5730309370467452
9,1.0,1,150,-3.180618261745849
10,1.0,1,149,-3.3883113145185746
11,1.0,1,148,-2.743941268003887
12,1.0,1,147,-3.4373199153010603
13,1.0,1,146,-2.31842239412169
14,1.0,1,145,-0.8512826821142951
15,1.0,1,144,-1.1660755543694563
16,1.0,1,143,-2.5786885820604297
17,1.0,1,142,-1.5160285874132668
18,1.0,1,141,-1.2552107105387904
19,1.0,1,140,-3.3858981733904656
20,1.0,1,139,-1.2740382677772857
21,1.0,1,138,1.5289074899292956
22,1.0,1,137,5.327070822569183
23,1.0,1,136,10.441109157121403
24,1.0,1,135,6.378526812958057
25,1.0,1,134,10.865512421842269
26,1.0,1,133,5.96648936224846
27,1.0,1,132,8.3329690262143
28,1.0,1,131,13.97197075509267
29,1.0,1,130,8.145675448248667
30,1.0,1,129,3.6920648371538505
31,1.0,1,128,6.10534759758189
32,1.0,1,127,10.304391215081225
33,1.0,1,126,16.538633380470756
34,1.0,1,125,23.598620443330105
35,1.0,1,124,28.552554744473767
36,1.0,1,123,34.171301898950546
37,1.0,1,122,40.48104221232872
38,1.0,1,121,31.07679504746271
39,1.0,1,120,37.444191279920446
40,1.0,1,119,44.51021263307399
41,1.0,1,118,54.49923083944576
42,1.0,1,117,45.96229423298844
43,1.0,1,116,36.7174642188684
44,1.0,1,115,29.093551907416895
45,1.0,1,114,22.013276833351014
46,1.0,1,113,15.97521654684391
47,1.0,1,112,21.33081375474505
48,1.0,1,111,16.118635070834316
49,1.0,1,110,11.920602247628082
50,1.0,1,109,7.763484243031556
51,1.0,1,108,4.730598987260343
52,1.0,1,107,7.277498986232331
53,1.0,1,106,11.345722274736417
54,1.0,1,105,6.879994768023323
55,1.0,1,104,3.058973925393502
56,1.0,1,103,0.3984076191356678
57,1.0,1,102,-1.7112485109063513
58,1.0,1,101,-3.1117854973432486
59,1.0,1,100,-3.0738712232618823
60,1.0,1,99,-3.3616252113280893
61,1.0,1,98,-3.063111148765799
62,1.0,1,97,-3.2998645161627067
63,1.0,1,96,-2.683249864987175
64,1.0,1,95,-2.0628236157101796
65,1.0,1,94,-3.2354847400753854
66,1.0,1,93,-3.2127603391753468
67,1.0,1,92,-3.984546390526141
68,1.0,1,91,-3.972043138362217
69,1.0,1,90,-4.533472999314462
70,1.0,1,89,-4.556661308640308
71,1.0,1,88,-4.51669299566025
72,1.0,1,87,-3.775972302864247
73,1.0,1,86,-2.6522867178335616
74,1.0,1,85,-4.326069547414505
75,1.0,1,84,-3.0203458311861056
76,1.0,1,83,-0.39144458164076923
77,1.0,1,82,-2.5849535854697905
78,1.0,1,81,-1.2031726918729149
79,1.0,1,80,1.359521331878888
80,1.0,1,79,4.1139800850259505
81,1.0,1,78,7.918366040749518
82,1.0,1,77,12.54294308468964
83,1.0,1,76,8.29904342108572
84,1.0,1,75,14.389683743322692
85,1.0,1,74,19.26136159878712
86,1.0,1,73,12.466873781084658
87,1.0,1,72,18.961041077175523
88,1.0,1,71,26.941950550601888
89,1.0,1,70,35.828050894908685
90,1.0,1,69,26.737852028998446
91,1.0,1,68,32.875293610941426
92,1.0,1,67,26.796211978884386
93,1.0,1,66,32.920511122476384
94,1.0,1,65,26.76417950474432
95,1.0,1,64,34.13800024665437
96,1.0,1,63,44.05251232642917
97,1.0,1,62,55.04728661956396
98,1.0,1,61,65.13834123959627
99,1.0,1,60,78.26808094973255
100,1.0,1,59,69.70880942927514
101,1.0,1,58,78.2297130507974
102,1.0,1,57,65.70002931031574
103,1.0,1,56,74.33857091712174
104,1.0,1,55,65.70002271205692
105,1.0,1,54,77.93227121761605
106,1.0,1,53,87.19973190657926
107,1.0,1,52,98.43096869414832
108,1.0,1,51,84.19685025864324
109,1.0,1,50,75.06920708118882
110,1.0,1,49,88.6880544651274
111,1.0,1,48,79.58600933132773
112,1.0,1,47,88.68627833725596
113,1.0,1,46,103.05027707147998
114,1.0,1,45,90.41179023462176
115,1.0,1,44,81.23136269085863
116,1.0,1,43,95.23514570630913
117,1.0,1,42,108.47655395693441
118,1.0,1,41,124.0083387854561
119,1.0,1,40,141.06016693478045
120,1.0,1,39,152.66107112909742
121,1.0,1,38,164.96808751635024
122,1.0,1,37,177.98448940334322
123,1.0,1,36,198.01276994423995
124,1.0,1,35,178.510109213571
125,1.0,1,34,163.48229393501634
126,1.0,1,33,182.73842115962532
127,1.0,1,32,164.6680060973402
128,1.0,1,31,148.30850471782907
129,1.0,1,30,136.40003448577409
130,1.0,1,29,121.38049923466049
131,1.0,1,28,135.86527460112632
132,1.0,1,27,153.58741012008278
133,1.0,1,26,135.8184377473305
134,1.0,1,25,119.13397582952014
135,1.0,1,24,103.51918710779383
136,1.0,1,23,114.17205201487583
137,1.0,1,22,100.43904304684422
138,1.0,1,21,115.48971726887602
139,1.0,1,20,101.22142628289235
140,1.0,1,19,87.00652107127617
141,1.0,1,18,76.09614449241685
142,1.0,1,17,65.32031720862915
143,1.0,1,16,55.557911302241564
144,1.0,1,15,45.09611900878555
145,1.0,1,14,37.90334346209643
146,1.0,1,13,29.28842791301163
147,1.0,1,12,22.584960303079697
148,1.0,1,11,17.544317361828263
149,1.0,1,10,11.842323036095536
150,1.0,1,9,8.50208982495284
151,1.0,1,8,6.054382225362502
152,1.0,1,7,3.1005229364410667
153,1.0,1,6,1.878180606507435
154,1.0,1,5,1.2111860252071907
155,1.0,1,4,0.6327499386366569
156,1.0,1,3,2.0641169349633444
157,1.0,1,2,4.407187902867918
158,1.0,1,1,6.504298675005728
0,1.0,0.36905263157894735,159,-3.5762128618443967e-06
1,1.0,0.36905263157894735,158,-1.1613277941080469e-05
2,1.0,0.36905263157894735,157,0.35494002960465565
3,1.0,0.36905263157894735,156,3.6609345199614296
4,1.0,0.36905263157894735,155,11.530244956757869
5,1.0,0.36905263157894735,154,1.633495565713794
6,1.0,0.36905263157894735,153,11.591232676868543
7,1.0,0.36905263157894735,152,-0.43400827013539356
8,1.0,0.36905263157894735,151,-5.09041424242664
9,1.0,0.36905263157894735,150,-0.7439729557717385
10,1.0,0.36905263157894735,149,-3.8367182908597215
11,1.0,0.36905263157894735,148,0.18863258888906387
12,1.0,0.36905263157894735,147,0.04631088110853909
13,1.0,0.36905263157894735,146,6.906470270878259
14,1.0,0.36905263157894735,145,20.670351251694527
15,1.0,0.36905263157894735,144,41.24577390738432
16,1.0,0.36905263157894735,143,19.971657473966317
17,1.0,0.36905263157894735,142,14.954165755118055
18,1.0,0.36905263157894735,141,30.635240933327054
19,1.0,0.36905263157894735,140,53.08151373596655
20,1.0,0.36905263157894735,139,84.31668604390178
21,1.0,0.36905263157894735,138,103.60800249886422
22,1.0,0.36905263157894735,137,66.67885627754679
23,1.0,0.36905263157894735,136,52.39394340748737
24,1.0,0.36905263157894735,135,66.72489903732587
25,1.0,0.36905263157894735,134,100.97472336650135
26,1.0,0.36905263157894735,133,64.54758367038886
27,1.0,0.36905263157894735,132,101.11690031364056
28,1.0,0.36905263157894735,131,64.85825885818639
29,1.0,0.36905263157894735,130,36.845299277590485
30,1.0,0.36905263157894735,129,64.86830177445212
31,1.0,0.36905263157894735,128,83.14354054372039
32,1.0,0.36905263157894735,127,49.5227195574743
33,1.0,0.36905263157894735,126,81.49370858472504
34,1.0,0.36905263157894735,125,104.52922454442849
35,1.0,0.36905263157894735,124,132.64980983535742
36,1.0,0.36905263157894735,123,95.87468705859597
37,1.0,0.36905263157894735,122,125.25737817831025
38,1.0,0.36905263157894735,121,159.76242138350102
39,1.0,0.36905263157894735,120,209.73050934767627
40,1.0,0.36905263157894735,119,159.7408090737182
41,1.0,0.36905263157894735,118,121.47126676376102
42,1.0,0.36905263157894735,117,162.95583819116894
43,1.0,0.36905263157894735,116,117.25293208531336
44,1.0,0.36905263157894735,115,81.21002439981136
45,1.0,0.36905263157894735,114,120.1840841838498
46,1.0,0.36905263157894735,113,155.5087329875596
47,1.0,0.36905263157894735,112,111.63527809451507
48,1.0,0.36905263157894735,111,77.66674089045945
49,1.0,0.36905263157894735,110,109.72861125858326
50,1.0,0.36905263157894735,109,151.77813003137385
51,1.0,0.36905263157894735,108,112.35948186305161
52,1.0,0.36905263157894735,107,153.77451765693007
53,1.0,0.36905263157894735,106,110.414394094466
54,1.0,0.36905263157894735,105,152.77251621776225
55,1.0,0.36905263157894735,104,111.1834008808976
56,1.0,0.36905263157894735,103,80.74286732912442
57,1.0,0.36905263157894735,102,118.1872826817487
58,1.0,0.36905263157894735,101,80.34304819405999
59,1.0,0.36905263157894735,100,52.28805320877693
60,1.0,0.36905263157894735,99,82.74192337312321
61,1.0,0.36905263157894735,98,121.13415836586957
62,1.0,0.36905263157894735,97,81.13861148966141
63,1.0,0.36905263157894735,96,119.0639102594536
64,1.0,0.36905263157894735,95,79.69575268416402
65,1.0,0.36905263157894735,94,54.58704850227565
66,1.0,0.36905263157894735,93,34.64873849939282
67,1.0,0.36905263157894735,92,13.410656366992484
68,1.0,0.36905263157894735,91,28.870361580226103
69,1.0,0.36905263157894735,90,55.07927485040152
70,1.0,0.36905263157894735,89,80.30321622166745
71,1.0,0.36905263157894735,88,119.9067231624155
72,1.0,0.36905263157894735,87,166.51735024726793
73,1.0,0.36905263157894735,86,131.95272578700485
74,1.0,0.36905263157894735,85,89.76094225599961
75,1.0,0.36905263157894735,84,131.74916963004165
76,1.0,0.36905263157894735,83,165.79064814349164
77,1.0,0.36905263157894735,82,219.71399521479032
78,1.0,0.36905263157894735,81,180.7948462379718
79,1.0,0.36905263157894735,80,219.70870984315496
80,1.0,0.36905263157894735,79,165.16230518885783
81,1.0,0.36905263157894735,78,218.5453620985237
82,1.0,0.36905263157894735,77,280.1935401290599
83,1.0,0.36905263157894735,76,329.13650658437
84,1.0,0.36905263157894735,75,280.23507524367426
85,1.0,0.36905263157894735,74,347.96737345685887
86,1.0,0.36905263157894735,73,425.5255781053117
87,1.0,0.36905263157894735,72,351.4534392352365
88,1.0,0.36905263157894735,71,404.3426330112244
89,1.0,0.36905263157894735,70,477.7648204924071
90,1.0,0.36905263157894735,69,566.6617276193367
91,1.0,0.36905263157894735,68,478.7999535062679
92,1.0,0.36905263157894735,67,397.1916303056326
93,1.0,0.36905263157894735,66,454.8711397749718
94,1.0,0.36905263157894735,65,397.7600170273331
95,1.0,0.36905263157894735,64,471.96484376035437
96,1.0,0.36905263157894735,63,415.05740228773294
97,1.0,0.36905263157894735,62,472.05569447684525
98,1.0,0.36905263157894735,61,551.9026596248746
99,1.0,0.36905263157894735,60,641.8751254206567
100,1.0,0.36905263157894735,59,712.7493163140034
101,1.0,0.36905263157894735,58,808.242085862533
102,1.0,0.36905263157894735,57,733.1653305432931
103,1.0,0.36905263157894735,56,841.1160212828404
104,1.0,0.36905263157894735,55,960.5469573374926
105,1.0,0.36905263157894735,54,1071.5903818779655
106,1.0,0.36905263157894735,53,987.9050818985918
107,1.0,0.36905263157894735,52,1091.257204118222
108,1.0,0.36905263157894735,51,1210.3116546199833
109,1.0,0.36905263157894735,50,1346.7236511979781
110,1.0,0.36905263157894735,49,1221.157664473385
111,1.0,0.36905263157894735,48,1313.3444150995624
112,1.0,0.36905263157894735,47,1221.1263319831082
113,1.0,0.36905263157894735,46,1091.0275441856136
114,1.0,0.36905263157894735,45,1221.069780709854
115,1.0,0.36905263157894735,44,1361.7871722777845
116,1.0,0.36905263157894735,43,1224.5605699980026
117,1.0,0.36905263157894735,42,1137.9170634233265
118,1.0,0.36905263157894735,41,1032.244747910499
119,1.0,0.36905263157894735,40,1150.104492067788
120,1.0,0.36905263157894735,39,1287.7057191427948
121,1.0,0.36905263157894735,38,1160.0070309364555
122,1.0,0.36905263157894735,37,1039.6698424475608
123,1.0,0.36905263157894735,36,961.4223852668275
124,1.0,0.36905263157894735,35,1039.5469120338448
125,1.0,0.36905263157894735,34,1122.8317387899062
126,1.0,0.36905263157894735,33,1211.2880947773128
127,1.0,0.36905263157894735,32,1351.924316422077
128,1.0,0.36905263157894735,31,1498.2921883178146
129,1.0,0.36905263157894735,30,1654.9135017919923
130,1.0,0.36905263157894735,29,1801.1083345147815
131,1.0,0.36905263157894735,28,1644.2467974692754
132,1.0,0.36905263157894735,27,1806.5190334457122
133,1.0,0.36905263157894735,26,1653.0295730636358
134,1.0,0.36905263157894735,25,1551.5355051838706
135,1.0,0.36905263157894735,24,1407.3075786089503
136,1.0,0.36905263157894735,23,1265.3386323391026
137,1.0,0.36905263157894735,22,1138.970016197084
138,1.0,0.36905263157894735,21,1227.4708806151746
139,1.0,0.36905263157894735,20,1110.3490563502346
140,1.0,0.36905263157894735,19,982.5776650750552
141,1.0,0.36905263157894735,18,862.784552309783
142,1.0,0.36905263157894735,17,751.0266413627922
143,1.0,0.36905263157894735,16,652.6364912779986
144,1.0,0.36905263157894735,15,569.3176628970169
145,1.0,0.36905263157894735,14,481.03610557213403
146,1.0,0.36905263157894735,13,406.2644884928034
147,1.0,0.36905263157894735,12,331.09166253215847
148,1.0,0.36905263157894735,11,273.4376346965369
149,1.0,0.36905263157894735,10,221.84211978240165
150,1.0,0.36905263157894735,9,175.17756430540948
151,1.0,0.36905263157894735,8,138.38387988710554
152,1.0,0.36905263157894735,7,97.27727599658677
153,1.0,0.36905263157894735,6,66.48670244659318
154,1.0,0.36905263157894735,5,44.230479420853925
155,1.0,0.36905263157894735,4,23.90820326999591
156,1.0,0.36905263157894735,3,11.504718773165834
157,1.0,0.36905263157894735,2,6.407649994692349
158,1.0,0.36905263157894735,1,4.505218449666202
0,10.0,1,159,3.015423217789248e-07
1,10.0,1,158,1.1837608084874773e-06
2,10.0,1,157,4.5703947501638496
3,10.0,1,156,-0.01256924013217997
4,10.0,1,155,-2.611240456403678
5,10.0,1,154,-0.05331927977945128
6,10.0,1,153,-2.6111830791390815
7,10.0,1,152,-3.1997877704897633
8,10.0,1,151,-1.8179576740942167
9,10.0,1,150,1.5191166173743653
10,10.0,1,149,6.8396338700269865
11,10.0,1,148,1.5044707709494674
12,10.0,1,147,-1.8515238954455526
13,10.0,1,146,1.506469158586789
14,10.0,1,145,6.834575687778937
15,10.0,1,144,14.1285634106533
16,10.0,1,143,23.434712069114113
17,10.0,1,142,34.68684596051506
18,10.0,1,141,47.95766027072884
19,10.0,1,140,34.68599077594823
20,10.0,1,139,47.9571603975873
21,10.0,1,138,34.713363320673494
22,10.0,1,137,47.956690104144755
23,10.0,1,136,34.698820463603
24,10.0,1,135,23.432163908486913
25,10.0,1,134,34.68662181753312
26,10.0,1,133,47.95732431744828
27,10.0,1,132,34.68662292613324
28,10.0,1,131,23.41388584563323
29,10.0,1,130,34.6638289674697
30,10.0,1,129,23.39690373272046
31,10.0,1,128,14.124312636265259
32,10.0,1,127,6.811759452159109
33,10.0,1,126,14.123983280418301
34,10.0,1,125,6.8063552210106195
35,10.0,1,124,1.488435539800058
36,10.0,1,123,6.817581069488909
37,10.0,1,122,14.118430827754864
38,10.0,1,121,23.402912569287906
39,10.0,1,120,14.127706596893262
40,10.0,1,119,23.386896814360526
41,10.0,1,118,34.664413019030334
42,10.0,1,117,47.90527273908229
43,10.0,1,116,34.66889533057659
44,10.0,1,115,47.92282084990474
45,10.0,1,114,34.660457693749024
46,10.0,1,113,23.407442903318668
47,10.0,1,112,34.64671077372277
48,10.0,1,111,47.90510015083338
49,10.0,1,110,63.1345701847668
50,10.0,1,109,80.31282306034052
51,10.0,1,108,63.11998407971049
52,10.0,1,107,80.29287087096552
53,10.0,1,106,99.47734008803081
54,10.0,1,105,120.64546745141752
55,10.0,1,104,99.47620502069884
56,10.0,1,103,80.28739241295315
57,10.0,1,102,63.07179698996673
58,10.0,1,101,47.86155810096429
59,10.0,1,100,34.631291581469625
60,10.0,1,99,23.366706125625555
61,10.0,1,98,34.60400515745043
62,10.0,1,97,47.84074950837092
63,10.0,1,96,34.62308608497183
64,10.0,1,95,23.37494244812754
65,10.0,1,94,14.114243878300812
66,10.0,1,93,6.840151148219292
67,10.0,1,92,1.5556326299805292
68,10.0,1,91,-1.7545382095701356
69,10.0,1,90,-3.0832198707838785
70,10.0,1,89,-2.431443460285017
71,10.0,1,88,-3.0832254741068112
72,10.0,1,87,-2.440414628548673
73,10.0,1,86,0.18205504237626258
74,10.0,1,85,4.802479365928448
75,10.0,1,84,0.18559095855067653
76,10.0,1,83,4.802220691322795
77,10.0,1,82,0.1951925806913124
78,10.0,1,81,4.813426490148878
79,10.0,1,80,11.362690819974688
80,10.0,1,79,19.942310924358083
81,10.0,1,78,30.50684328414107
82,10.0,1,77,43.04213502754861
83,10.0,1,76,57.5732860148686
84,10.0,1,75,43.13401158699699
85,10.0,1,74,30.58336769628758
86,10.0,1,73,20.06925754577982
87,10.0,1,72,30.652212677954935
88,10.0,1,71,20.132200522780778
89,10.0,1,70,11.527945786059803
90,10.0,1,69,4.953627506468173
91,10.0,1,68,0.3207466801859127
92,10.0,1,67,-2.328959267708612
93,10.0,1,66,-2.9942605723307096
94,10.0,1,65,-1.6676504715770761
95,10.0,1,64,1.6152647843054098
96,10.0,1,63,6.88833903758902
97,10.0,1,62,14.131010915650194
98,10.0,1,61,23.35073969181869
99,10.0,1,60,34.56702766551558
100,10.0,1,59,47.73367293754842
101,10.0,1,58,62.896546866070125
102,10.0,1,57,47.73348501806575
103,10.0,1,56,62.86970719145182
104,10.0,1,55,79.97584639123298
105,10.0,1,54,99.05249719724156
106,10.0,1,53,120.09922276500217
107,10.0,1,52,99.05459756367728
108,10.0,1,51,120.15448655817681
109,10.0,1,50,143.17350333722823
110,10.0,1,49,168.18063809635316
111,10.0,1,48,195.2250443921954
112,10.0,1,47,168.20389560112943
113,10.0,1,46,195.23444265196412
114,10.0,1,45,224.24639476947306
115,10.0,1,44,195.28239142569132
116,10.0,1,43,224.22558663095248
117,10.0,1,42,195.28234442129795
118,10.0,1,41,224.22569673138815
119,10.0,1,40,255.13617446434165
120,10.0,1,39,288.0185712772638
121,10.0,1,38,322.8703161568829
122,10.0,1,37,359.69275335459656
123,10.0,1,36,322.78349094708244
124,10.0,1,35,359.59951294010574
125,10.0,1,34,398.38645438548696
126,10.0,1,33,359.601649854598
127,10.0,1,32,398.38564187355064
128,10.0,1,31,359.60479555642326
129,10.0,1,30,322.72526675639364
130,10.0,1,29,287.8423845914577
131,10.0,1,28,322.67728348679714
132,10.0,1,27,287.7946603034521
133,10.0,1,26,254.845797146704
134,10.0,1,25,223.8896523507454
135,10.0,1,24,194.91724757974856
136,10.0,1,23,167.9283162900066
137,10.0,1,22,194.85086548241574
138,10.0,1,21,223.7436807388704
139,10.0,1,20,194.81638662309373
140,10.0,1,19,223.7042900980543
141,10.0,1,18,194.7697303038699
142,10.0,1,17,167.78633099893807
143,10.0,1,16,142.8480628169423
144,10.0,1,15,119.87035882491017
145,10.0,1,14,98.83995994722102
146,10.0,1,13,119.81937433087055
147,10.0,1,12,98.83015016208594
148,10.0,1,11,79.78997621798996
149,10.0,1,10,62.77235001891651
150,10.0,1,9,47.731809462318765
151,10.0,1,8,34.653975436749036
152,10.0,1,7,23.56960039939105
153,10.0,1,6,14.430748036373046
154,10.0,1,5,7.300905569468611
155,10.0,1,4,2.142779497975482
156,10.0,1,3,-1.0318103290894811
157,10.0,1,2,-2.2251800392761183
158,10.0,1,1,-1.4550072091250428
0,10.0,0.05357894736842105,159,-0.00024706441333677276
1,10.0,0.05357894736842105,158,-0.012670676528706792
2,10.0,0.05357894736842105,157,0.020301619500898482
3,10.0,0.05357894736842105,156,-0.46082368249110317
4,10.0,0.05357894736842105,155,265.8782518487935
5,10.0,0.05357894736842105,154,1222.3694723106805
6,10.0,0.05357894736842105,153,2869.210920640176
7,10.0,0.05357894736842105,152,1221.5347018184373
8,10.0,0.05357894736842105,151,2862.18635566207
9,10.0,0.05357894736842105,150,5197.935037175289
10,10.0,0.05357894736842105,149,8224.635144998017
11,10.0,0.05357894736842105,148,11942.704358740968
12,10.0,0.05357894736842105,147,16351.809814868671
13,10.0,0.05357894736842105,146,21450.43473757141
14,10.0,0.05357894736842105,145,27240.45368284244
15,10.0,0.05357894736842105,144,33698.636259429186
16,10.0,0.05357894736842105,143,40864.98634378085
17,10.0,0.05357894736842105,142,33727.02028079809
18,10.0,0.05357894736842105,141,27246.843728443117
19,10.0,0.05357894736842105,140,21460.813455881504
20,10.0,0.05357894736842105,139,16358.681527030805
21,10.0,0.05357894736842105,138,21440.899160048535
22,10.0,0.05357894736842105,137,16343.266711010549
23,10.0,0.05357894736842105,136,11941.650167517584
24,10.0,0.05357894736842105,135,16351.128115668436
25,10.0,0.05357894736842105,134,21451.187244354325
26,10.0,0.05357894736842105,133,27236.08912708794
27,10.0,0.05357894736842105,132,21445.831141467173
28,10.0,0.05357894736842105,131,27236.650136808617
29,10.0,0.05357894736842105,130,33719.06396219547
30,10.0,0.05357894736842105,129,27240.85097304637
31,10.0,0.05357894736842105,128,33699.09237356039
32,10.0,0.05357894736842105,127,27223.569033615124
33,10.0,0.05357894736842105,126,21437.738720925623
34,10.0,0.05357894736842105,125,16338.862974304573
35,10.0,0.05357894736842105,124,21418.154920421402
36,10.0,0.05357894736842105,123,27203.703099999795
37,10.0,0.05357894736842105,122,33679.23673541262
38,10.0,0.05357894736842105,121,27223.18094501866
39,10.0,0.05357894736842105,120,33679.39874025082
40,10.0,0.05357894736842105,119,40821.70879302642
41,10.0,0.05357894736842105,118,48650.24093446054
42,10.0,0.05357894736842105,117,40795.47800056008
43,10.0,0.05357894736842105,116,33636.203929664065
44,10.0,0.05357894736842105,115,40774.286392601265
45,10.0,0.05357894736842105,114,48598.64382732466
46,10.0,0.05357894736842105,113,40750.094528987756
47,10.0,0.05357894736842105,112,33591.58676170038
48,10.0,0.05357894736842105,111,40750.523155651674
49,10.0,0.05357894736842105,110,33592.42333549729
50,10.0,0.05357894736842105,109,27145.08788780035
51,10.0,0.05357894736842105,108,21384.072501179613
52,10.0,0.05357894736842105,107,27162.622201107068
53,10.0,0.05357894736842105,106,33611.902992706484
54,10.0,0.05357894736842105,105,40772.43312012287
55,10.0,0.05357894736842105,104,48623.566559502506
56,10.0,0.05357894736842105,103,57166.41363571614
57,10.0,0.05357894736842105,102,48627.239402480875
58,10.0,0.05357894736842105,101,40774.32365859511
59,10.0,0.05357894736842105,100,33614.203061514796
60,10.0,0.05357894736842105,99,27146.316252751883
61,10.0,0.05357894736842105,98,21367.35519851963
62,10.0,0.05357894736842105,97,16294.582052439348
63,10.0,0.05357894736842105,96,11894.688314918028
64,10.0,0.05357894736842105,95,8184.884076345038
65,10.0,0.05357894736842105,94,5175.635332099089
66,10.0,0.05357894736842105,93,2845.7644775278745
67,10.0,0.05357894736842105,92,1209.608833372016
68,10.0,0.05357894736842105,91,260.8900921006598
69,10.0,0.05357894736842105,90,1209.3816268182584
70,10.0,0.05357894736842105,89,2848.8796523168944
71,10.0,0.05357894736842105,88,1208.9543673137782
72,10.0,0.05357894736842105,87,2848.626465175796
73,10.0,0.05357894736842105,86,1213.2803282140444
74,10.0,0.05357894736842105,85,262.29523155482553
75,10.0,0.05357894736842105,84,1209.173817255132
76,10.0,0.05357894736842105,83,2848.4783835248018
77,10.0,0.05357894736842105,82,5175.609171568313
78,10.0,0.05357894736842105,81,8196.271683868794
79,10.0,0.05357894736842105,80,11894.257062546118
80,10.0,0.05357894736842105,79,8196.496528472275
81,10.0,0.05357894736842105,78,5184.717775644579
82,10.0,0.05357894736842105,77,8203.115064668025
83,10.0,0.05357894736842105,76,5180.454566211233
84,10.0,0.05357894736842105,75,8198.83177267553
85,10.0,0.05357894736842105,74,11910.98450739401
86,10.0,0.05357894736842105,73,16312.87860605163
87,10.0,0.05357894736842105,72,11923.511548005932
88,10.0,0.05357894736842105,71,16329.01060284396
89,10.0,0.05357894736842105,70,21406.60448973843
90,10.0,0.05357894736842105,69,27193.007558212415
91,10.0,0.05357894736842105,68,33660.82460035302
92,10.0,0.05357894736842105,67,40801.34494254471
93,10.0,0.05357894736842105,66,33638.11327461092
94,10.0,0.05357894736842105,65,27185.961400684468
95,10.0,0.05357894736842105,64,21401.270250742724
96,10.0,0.05357894736842105,63,27185.961098231513
97,10.0,0.05357894736842105,62,33637.977586833375
98,10.0,0.05357894736842105,61,40776.12635667992
99,10.0,0.05357894736842105,60,33637.755654355155
100,10.0,0.05357894736842105,59,40802.82218995245
101,10.0,0.05357894736842105,58,33640.41217873236
102,10.0,0.05357894736842105,57,40805.25469609663
103,10.0,0.05357894736842105,56,48648.50081146138
104,10.0,0.05357894736842105,55,40805.24566588287
105,10.0,0.05357894736842105,54,48632.33222552346
106,10.0,0.05357894736842105,53,40805.07644688524
107,10.0,0.05357894736842105,52,48648.65209482718
108,10.0,0.05357894736842105,51,57163.523684256535
109,10.0,0.05357894736842105,50,66364.4450988214
110,10.0,0.05357894736842105,49,76284.73005047324
111,10.0,0.05357894736842105,48,86898.81031482948
112,10.0,0.05357894736842105,47,98200.42006693028
113,10.0,0.05357894736842105,46,86933.82521212853
114,10.0,0.05357894736842105,45,76343.2088897081
115,10.0,0.05357894736842105,44,86922.87449397396
116,10.0,0.05357894736842105,43,98227.26785472115
117,10.0,0.05357894736842105,42,110218.89040735352
118,10.0,0.05357894736842105,41,122906.78478040462
119,10.0,0.05357894736842105,40,136252.71421410266
120,10.0,0.05357894736842105,39,150302.07112163896
121,10.0,0.05357894736842105,38,165058.50882704105
122,10.0,0.05357894736842105,37,180452.89011151117
123,10.0,0.05357894736842105,36,196533.71017773083
124,10.0,0.05357894736842105,35,213358.49459277195
125,10.0,0.05357894736842105,34,230814.08587086407
126,10.0,0.05357894736842105,33,213317.69415386635
127,10.0,0.05357894736842105,32,196497.6305547498
128,10.0,0.05357894736842105,31,180418.99351845725
129,10.0,0.05357894736842105,30,164988.6552854189
130,10.0,0.05357894736842105,29,180433.4884653728
131,10.0,0.05357894736842105,28,164998.15988750116
132,10.0,0.05357894736842105,27,180442.12038600032
133,10.0,0.05357894736842105,26,196556.84124756695
134,10.0,0.05357894736842105,25,180434.2811181748
135,10.0,0.05357894736842105,24,196513.80442325954
136,10.0,0.05357894736842105,23,180404.87507233766
137,10.0,0.05357894736842105,22,164968.5289659111
138,10.0,0.05357894736842105,21,150214.88897862346
139,10.0,0.05357894736842105,20,136152.49615804764
140,10.0,0.05357894736842105,19,122780.93798692817
141,10.0,0.05357894736842105,18,110112.23377209187
142,10.0,0.05357894736842105,17,98121.11235556939
143,10.0,0.05357894736842105,16,86820.96651271574
144,10.0,0.05357894736842105,15,76223.33606744012
145,10.0,0.05357894736842105,14,66320.75797890482
146,10.0,0.05357894736842105,13,57094.6828611647
147,10.0,0.05357894736842105,12,48585.23969600205
148,10.0,0.05357894736842105,11,40748.178074191266
149,10.0,0.05357894736842105,10,33599.627602729684
150,10.0,0.05357894736842105,9,27130.397970010723
151,10.0,0.05357894736842105,8,21357.19550108532
152,10.0,0.05357894736842105,7,16275.551189317748
153,10.0,0.05357894736842105,6,11892.363024522636
154,10.0,0.05357894736842105,5,8183.996541789932
155,10.0,0.05357894736842105,4,5167.729705412522
156,10.0,0.05357894736842105,3,2842.0676576265946
157,10.0,0.05357894736842105,2,1206.9406866269912
158,10.0,0.05357894736842105,1,261.05780420604975
0,100.0,1,159,1.6307302601603624e-06
1,100.0,1,158,-8.76858775811229e-05
2,100.0,1,157,-2.158577636230852
3,100.0,1,156,0.0016655989164462426
4,100.0,1,155,4.161966871467001
5,100.0,1,154,10.323819625292487
6,100.0,1,153,4.161919585348215
7,100.0,1,152,10.32382246234772
8,100.0,1,151,4.1619105484570085
9,100.0,1,150,-0.0002524295606747273
10,100.0,1,149,4.161776536394562
11,100.0,1,148,10.323173268743972
12,100.0,1,147,4.161775339225706
13,100.0,1,146,-0.00037065919789824875
14,100.0,1,145,-2.162762252809422
15,100.0,1,144,-0.0005348085777328038
16,100.0,1,143,-2.1625142596209344
17,100.0,1,142,-2.324955506403981
18,100.0,1,141,-0.4875844925525641
19,100.0,1,140,-2.3249769760384993
20,100.0,1,139,-0.48760325252919756
21,100.0,1,138,3.349330466390164
22,100.0,1,137,-0.48773431596257666
23,100.0,1,136,3.349478461475371
24,100.0,1,135,-0.4875391936551239
25,100.0,1,134,-2.3248917315438575
26,100.0,1,133,-0.4874307434323555
27,100.0,1,132,3.349712410258732
28,100.0,1,131,9.186615218031264
29,100.0,1,130,3.3498574661666183
30,100.0,1,129,9.186704418633866
31,100.0,1,128,17.022998703713938
32,100.0,1,127,9.186538431801367
33,100.0,1,126,17.023053619883868
34,100.0,1,125,26.859400803521126
35,100.0,1,124,38.69549785898752
36,100.0,1,123,52.531180791746664
37,100.0,1,122,38.69541619744666
38,100.0,1,121,26.859328018565023
39,100.0,1,120,17.022858698974275
40,100.0,1,119,26.859234094390402
41,100.0,1,118,17.0229908564273
42,100.0,1,117,26.859269911668164
43,100.0,1,116,38.69536647164884
44,100.0,1,115,52.53143362479106
45,100.0,1,114,38.69562381367487
46,100.0,1,113,26.859429914440753
47,100.0,1,112,38.6955460655837
48,100.0,1,111,52.53149193745095
49,100.0,1,110,38.6953982862869
50,100.0,1,109,26.85941465845474
51,100.0,1,108,38.69566877092231
52,100.0,1,107,26.85940684834111
53,100.0,1,106,38.6954009379734
54,100.0,1,105,26.85946370422046
55,100.0,1,104,17.023227727019744
56,100.0,1,103,26.859400956485274
57,100.0,1,102,17.023302069938524
58,100.0,1,101,9.18700759801176
59,100.0,1,100,3.3503609197615773
60,100.0,1,99,9.187003438924776
61,100.0,1,98,17.02310093732156
62,100.0,1,97,9.18671626407668
63,100.0,1,96,17.02309159149567
64,100.0,1,95,26.859164531651956
65,100.0,1,94,17.02320032819553
66,100.0,1,93,9.186983653661699
67,100.0,1,92,17.02318692539035
68,100.0,1,91,9.187008472681782
69,100.0,1,90,3.3504573658862427
70,100.0,1,89,-0.4860050485821077
71,100.0,1,88,-2.322723728198916
72,100.0,1,87,-2.1596282536868117
73,100.0,1,86,0.0031821049930584877
74,100.0,1,85,4.165920479030511
75,100.0,1,84,0.003626439861847075
76,100.0,1,83,4.166379934368727
77,100.0,1,82,0.0035397423274332596
78,100.0,1,81,-2.159304207886919
79,100.0,1,80,0.0035470614999653094
80,100.0,1,79,4.166400805070815
81,100.0,1,78,10.329001263234488
82,100.0,1,77,18.491448658322312
83,100.0,1,76,28.653746052092387
84,100.0,1,75,40.815870553402746
85,100.0,1,74,28.65376877492335
86,100.0,1,73,40.81589807548973
87,100.0,1,72,28.653906592834133
88,100.0,1,71,18.491737008414944
89,100.0,1,70,10.329303174208832
90,100.0,1,69,4.166813695879917
91,100.0,1,68,0.004494600768587986
92,100.0,1,67,-2.158192216692626
93,100.0,1,66,-2.321464211279249
94,100.0,1,65,-0.48469366516924595
95,100.0,1,64,3.3517724468641035
96,100.0,1,63,9.187857318545142
97,100.0,1,62,3.351766544926676
98,100.0,1,61,9.187931591402005
99,100.0,1,60,17.02392018703516
100,100.0,1,59,26.85937834152071
101,100.0,1,58,38.69474449242509
102,100.0,1,57,26.859591826350155
103,100.0,1,56,38.694922783273014
104,100.0,1,55,52.530270605327715
105,100.0,1,54,68.3650586621459
106,100.0,1,53,86.1998719073098
107,100.0,1,52,68.3651333113287
108,100.0,1,51,86.19961590919952
109,100.0,1,50,106.03379385239923
110,100.0,1,49,127.86767359846498
111,100.0,1,48,151.70125035425696
112,100.0,1,47,177.535274185341
113,100.0,1,46,151.70193300232557
114,100.0,1,45,177.5352701469049
115,100.0,1,44,205.36895919537062
116,100.0,1,43,177.53573789308336
117,100.0,1,42,205.368801796703
118,100.0,1,41,235.2015637902186
119,100.0,1,40,267.0339925436408
120,100.0,1,39,300.86613778212165
121,100.0,1,38,267.0332395012951
122,100.0,1,37,235.20088121001265
123,100.0,1,36,267.03326199418217
124,100.0,1,35,300.86534593289826
125,100.0,1,34,267.0333502946335
126,100.0,1,33,300.8654118683375
127,100.0,1,32,336.69717849177107
128,100.0,1,31,374.52863219967895
129,100.0,1,30,336.6965172422149
130,100.0,1,29,300.864370660785
131,100.0,1,28,267.03197150960375
132,100.0,1,27,235.19891489009507
133,100.0,1,26,267.0310633738366
134,100.0,1,25,235.1981689350132
135,100.0,1,24,205.36511033540341
136,100.0,1,23,177.53188473940025
137,100.0,1,22,151.6987836972457
138,100.0,1,21,127.8650850020109
139,100.0,1,20,106.0315016185351
140,100.0,1,19,127.86477551563563
141,100.0,1,18,151.6977479174475
142,100.0,1,17,177.53041862976852
143,100.0,1,16,151.69716284030227
144,100.0,1,15,127.86425613545349
145,100.0,1,14,106.03095930749429
146,100.0,1,13,127.8640739320944
147,100.0,1,12,106.03051150738709
148,100.0,1,11,86.19710350594461
149,100.0,1,10,68.36359592751778
150,100.0,1,9,52.52968655643009
151,100.0,1,8,38.695735627566464
152,100.0,1,7,26.86155290371714
153,100.0,1,6,17.026811443772615
154,100.0,1,5,9.192167692900753
155,100.0,1,4,3.3572340905718647
156,100.0,1,3,-0.47786532854873087
157,100.0,1,2,-2.3131530530504776
158,100.0,1,1,-2.1488119904505325
0,100.0,0.001,159,-0.010677342644633825
1,100.0,0.001,158,0.0025709455290297
2,100.0,0.001,157,0.03179186306200421
3,100.0,0.001,156,-0.015603889679304928
4,100.0,0.001,155,996278.7586108006
5,100.0,0.001,154,0.024257778006074204
6,100.0,0.001,153,996286.683054461
7,100.0,0.001,152,-0.2764013365106308
8,100.0,0.001,151,996354.8582063406
9,100.0,0.001,150,3992551.9024990015
10,100.0,0.001,149,996369.4153622617
11,100.0,0.001,148,3992574.3208125276
12,100.0,0.001,147,996365.6929300993
13,100.0,0.001,146,3992545.523016151
14,100.0,0.001,145,8988287.948727487
15,100.0,0.001,144,3992495.9023016803
16,100.0,0.001,143,996399.9820368822
17,100.0,0.001,142,3992597.9140568133
18,100.0,0.001,141,8988650.505857255
19,100.0,0.001,140,15984526.2957437
20,100.0,0.001,139,8988661.282931525
21,100.0,0.001,138,3992644.2754978095
22,100.0,0.001,137,996407.9669095795
23,100.0,0.001,136,-0.17743156188780773
24,100.0,0.001,135,1003430.738993999
25,100.0,0.001,134,-0.22373546920351117
26,100.0,0.001,133,1003399.755850811
27,100.0,0.001,132,0.09608419009585845
28,100.0,0.001,131,996369.0558668196
29,100.0,0.001,130,0.1904704571879492
30,100.0,0.001,129,1003455.3882275986
31,100.0,0.001,128,0.19044568172532905
32,100.0,0.001,127,996384.3112502921
33,100.0,0.001,126,0.27589171354111386
34,100.0,0.001,125,996324.7292503365
35,100.0,0.001,124,0.5957815028801079
36,100.0,0.001,123,996265.6551778535
37,100.0,0.001,122,0.9249742159224539
38,100.0,0.001,121,1003556.506903132
39,100.0,0.001,120,0.9223673661432557
40,100.0,0.001,119,996277.1588577903
41,100.0,0.001,118,3992250.1097627883
42,100.0,0.001,117,996209.5131391942
43,100.0,0.001,116,3992241.7117103366
44,100.0,0.001,115,996206.526954456
45,100.0,0.001,114,3992225.3742377474
46,100.0,0.001,113,996265.1626589441
47,100.0,0.001,112,3992359.895055067
48,100.0,0.001,111,996261.6495704678
49,100.0,0.001,110,3992354.437277953
50,100.0,0.001,109,8988076.814536236
51,100.0,0.001,108,15983771.147357602
52,100.0,0.001,107,8988284.342374284
53,100.0,0.001,106,15983772.635367585
54,100.0,0.001,105,8988284.763382992
55,100.0,0.001,104,3992372.2027153363
56,100.0,0.001,103,996337.86447867
57,100.0,0.001,102,0.4910837647468469
58,100.0,0.001,101,1003429.261470328
59,100.0,0.001,100,0.49377391861895603
60,100.0,0.001,99,1003429.2489759278
61,100.0,0.001,98,4006675.382723682
62,100.0,0.001,97,1003490.0899059008
63,100.0,0.001,96,0.8388305055050722
64,100.0,0.001,95,996208.0053166713
65,100.0,0.001,94,3992112.096949435
66,100.0,0.001,93,996142.5469302689
67,100.0,0.001,92,1.510435346071354
68,100.0,0.001,91,1003696.2936955955
69,100.0,0.001,90,4007223.810744404
70,100.0,0.001,89,9010596.056498814
71,100.0,0.001,88,16013786.567814108
72,100.0,0.001,87,25016844.894300163
73,100.0,0.001,86,16013807.649027826
74,100.0,0.001,85,9010603.446626756
75,100.0,0.001,84,4007373.5443364596
76,100.0,0.001,83,1003793.7470338914
77,100.0,0.001,82,1.6394587209319624
78,100.0,0.001,81,1003721.2588156888
79,100.0,0.001,80,4007209.989209891
80,100.0,0.001,79,1003714.7294926293
81,100.0,0.001,78,1.2248166333707786
82,100.0,0.001,77,996099.4762494928
83,100.0,0.001,76,1.140062540796201
84,100.0,0.001,75,996090.9849168843
85,100.0,0.001,74,0.7834968718126447
86,100.0,0.001,73,996158.9107050213
87,100.0,0.001,72,3992150.4775107745
88,100.0,0.001,71,8987978.19100564
89,100.0,0.001,70,15983544.24346723
90,100.0,0.001,69,24979039.33098602
91,100.0,0.001,68,35973937.40911474
92,100.0,0.001,67,24979038.434096757
93,100.0,0.001,66,35973936.945839755
94,100.0,0.001,65,24978690.418546394
95,100.0,0.001,64,35973511.45409609
96,100.0,0.001,63,48968316.914542355
97,100.0,0.001,62,35973350.17913466
98,100.0,0.001,61,48968335.09711379
99,100.0,0.001,60,63962596.192883
100,100.0,0.001,59,80956925.78653084
101,100.0,0.001,58,99951341.19305547
102,100.0,0.001,57,120945583.0596222
103,100.0,0.001,56,143938813.86596125
104,100.0,0.001,55,168931737.93848544
105,100.0,0.001,54,143938033.89065382
106,100.0,0.001,53,120944422.71283905
107,100.0,0.001,52,143938331.4413307
108,100.0,0.001,51,168931217.78255752
109,100.0,0.001,50,195923806.10736692
110,100.0,0.001,49,168931218.84886774
111,100.0,0.001,48,195924790.86708567
112,100.0,0.001,47,224917140.38988334
113,100.0,0.001,46,255910219.42907783
114,100.0,0.001,45,288903067.3172033
115,100.0,0.001,44,323895837.76749325
116,100.0,0.001,43,288903847.00625443
117,100.0,0.001,42,323895462.98225605
118,100.0,0.001,41,360888099.3756707
119,100.0,0.001,40,399880051.82170683
120,100.0,0.001,39,440871331.25068706
121,100.0,0.001,38,483863347.26662993
122,100.0,0.001,37,528855206.41704845
123,100.0,0.001,36,575845268.5661589
124,100.0,0.001,35,624835033.6069336
125,100.0,0.001,34,675824494.8981277
126,100.0,0.001,33,728815493.4598248
127,100.0,0.001,32,675825017.793281
128,100.0,0.001,31,624833936.7579932
129,100.0,0.001,30,575843018.1758552
130,100.0,0.001,29,528851764.2025141
131,100.0,0.001,28,575842697.012004
132,100.0,0.001,27,624834016.9474576
133,100.0,0.001,26,575843039.7684387
134,100.0,0.001,25,528853084.1400614
135,100.0,0.001,24,483861984.60003036
136,100.0,0.001,23,440870206.86133313
137,100.0,0.001,22,399878035.04956746
138,100.0,0.001,21,440868742.8602112
139,100.0,0.001,20,399876648.21628404
140,100.0,0.001,19,360884383.97887456
141,100.0,0.001,18,323891929.8075277
142,100.0,0.001,17,288899660.7811153
143,100.0,0.001,16,255907986.95192927
144,100.0,0.001,15,224914953.66527846
145,100.0,0.001,14,195922063.0905059
146,100.0,0.001,13,168929114.79418686
147,100.0,0.001,12,143935613.30005926
148,100.0,0.001,11,120942663.46934345
149,100.0,0.001,10,99949003.88774532
150,100.0,0.001,9,80954829.88233331
151,100.0,0.001,8,63960742.03097133
152,100.0,0.001,7,48966338.471295364
153,100.0,0.001,6,35971778.36413018
154,100.0,0.001,5,24976901.297398727
155,100.0,0.001,4,15981885.37927686
156,100.0,0.001,3,8986692.723697279
157,100.0,0.001,2,3991322.578197981
158,100.0,0.001,1,995745.0384980649
0,1000.0,1,159,3.998991658704654e-06
1,1000.0,1,158,-0.017739904599054057
2,1000.0,1,157,-1.5567554650299442
3,1000.0,1,156,0.006675896684818383
4,1000.0,1,155,4.150090775078205
5,1000.0,1,154,-4.8881267957767705e-06
6,1000.0,1,153,-2.150120197029217
7,1000.0,1,152,-4.387592049681643e-06
8,1000.0,1,151,4.150093922528505
9,1000.0,1,150,-1.2988067169317219e-05
10,1000.0,1,149,-2.1501236308436447
11,1000.0,1,148,-2.3002446158304792
12,1000.0,1,147,-2.1501247521995737
13,1000.0,1,146,-1.3790120647172444e-05
14,1000.0,1,145,4.150094654306365
15,1000.0,1,144,-1.5693239852510033e-05
16,1000.0,1,143,-2.150127088248439
17,1000.0,1,142,-2.3002459614084287
18,1000.0,1,141,-2.15012705874841
19,1000.0,1,140,-2.3002461331485833
20,1000.0,1,139,-2.150125937410735
21,1000.0,1,138,-2.3002449533299583
22,1000.0,1,137,-0.45037045703495693
23,1000.0,1,136,-2.3002456813403214
24,1000.0,1,135,-0.4503684216399293
25,1000.0,1,134,-2.3002452834928917
26,1000.0,1,133,-2.1501246880162057
27,1000.0,1,132,-2.3002423316442986
28,1000.0,1,131,-0.45036499388101703
29,1000.0,1,130,3.3995073749015816
30,1000.0,1,129,9.249375865496411
31,1000.0,1,128,17.099237103053134
32,1000.0,1,127,9.249374201887626
33,1000.0,1,126,17.099237903844887
34,1000.0,1,125,26.949098316514913
35,1000.0,1,124,17.09923934337764
36,1000.0,1,123,9.249375930680024
37,1000.0,1,122,17.09923943073695
38,1000.0,1,121,26.94909782127315
39,1000.0,1,120,17.099235573380135
40,1000.0,1,119,26.94909712711513
41,1000.0,1,118,17.099236888302265
42,1000.0,1,117,26.94909765573164
43,1000.0,1,116,38.79895540323384
44,1000.0,1,115,52.648811885016904
45,1000.0,1,114,38.79895787373032
46,1000.0,1,113,26.949098917342276
47,1000.0,1,112,38.79895716393441
48,1000.0,1,111,52.6488126266127
49,1000.0,1,110,38.798955548947994
50,1000.0,1,109,52.64881257869724
51,1000.0,1,108,38.79895824180074
52,1000.0,1,107,26.949098293142107
53,1000.0,1,106,38.79895567825597
54,1000.0,1,105,26.949098827336975
55,1000.0,1,104,17.099238054119958
56,1000.0,1,103,26.949098265265782
57,1000.0,1,102,17.099238596876994
58,1000.0,1,101,9.249376153667207
59,1000.0,1,100,3.3995093700081966
60,1000.0,1,99,9.249376119870782
61,1000.0,1,98,17.099236714108322
62,1000.0,1,97,26.94909701824141
63,1000.0,1,96,38.798953560975185
64,1000.0,1,95,26.949096265935516
65,1000.0,1,94,38.79895299335488
66,1000.0,1,93,26.94909691727971
67,1000.0,1,92,17.099237514881686
68,1000.0,1,91,9.249376009112389
69,1000.0,1,90,3.399510055728854
70,1000.0,1,89,-0.450355699795729
71,1000.0,1,88,-2.300224682974701
72,1000.0,1,87,-2.1500961890720163
73,1000.0,1,86,2.8787800538054853e-05
74,1000.0,1,85,4.150152400781558
75,1000.0,1,84,3.3227331691421114e-05
76,1000.0,1,83,4.150157006483553
77,1000.0,1,82,3.235297284476246e-05
78,1000.0,1,81,-2.1500929688745103
79,1000.0,1,80,3.242924503155109e-05
80,1000.0,1,79,4.15015725968447
81,1000.0,1,78,10.300278956170267
82,1000.0,1,77,18.450398547991803
83,1000.0,1,76,28.600516081947042
84,1000.0,1,75,40.750631342981215
85,1000.0,1,74,28.600516258598397
86,1000.0,1,73,40.7506316536082
87,1000.0,1,72,28.600517548362014
88,1000.0,1,71,18.450401156075124
89,1000.0,1,70,10.300281614089052
90,1000.0,1,69,4.150160985801634
91,1000.0,1,68,4.1556879175175254e-05
92,1000.0,1,67,-2.1500820169616617
93,1000.0,1,66,-2.3002119105332994
94,1000.0,1,65,-0.4503418369582022
95,1000.0,1,64,3.3995247496487195
96,1000.0,1,63,-0.4503397781859775
97,1000.0,1,62,3.399524696673346
98,1000.0,1,61,9.249387869675097
99,1000.0,1,60,17.099248859234997
100,1000.0,1,59,9.249391286524379
101,1000.0,1,58,17.099249251434266
102,1000.0,1,57,26.949106329431523
103,1000.0,1,56,38.79896001889825
104,1000.0,1,55,26.94910638407574
105,1000.0,1,54,38.79896201239949
106,1000.0,1,53,52.64881232312383
107,1000.0,1,52,68.49866183132139
108,1000.0,1,51,86.348505972298
109,1000.0,1,50,106.19834669706924
110,1000.0,1,49,128.04818407024064
111,1000.0,1,48,151.89801804385547
112,1000.0,1,47,177.747856122478
113,1000.0,1,46,151.89802481173788
114,1000.0,1,45,177.74785619914658
115,1000.0,1,44,205.5976908392644
116,1000.0,1,43,177.7478608238031
117,1000.0,1,42,205.59768955169162
118,1000.0,1,41,235.4475150347068
119,1000.0,1,40,267.2973369387346
120,1000.0,1,39,235.44750788649995
121,1000.0,1,38,205.59768326541396
122,1000.0,1,37,235.4475081585551
123,1000.0,1,36,205.59768448604152
124,1000.0,1,35,235.44750918263796
125,1000.0,1,34,267.2973306847745
126,1000.0,1,33,301.1471489904612
127,1000.0,1,32,336.99696413837296
128,1000.0,1,31,301.1471430214559
129,1000.0,1,30,267.2973212585244
130,1000.0,1,29,301.14713859376604
131,1000.0,1,28,267.2973167943968
132,1000.0,1,27,235.44748817782144
133,1000.0,1,26,205.59765856855316
134,1000.0,1,25,235.44748072777836
135,1000.0,1,24,205.59765180146687
136,1000.0,1,23,177.7478209816449
137,1000.0,1,22,151.89799116098024
138,1000.0,1,21,128.04815516344533
139,1000.0,1,20,106.19832009928882
140,1000.0,1,19,128.04815210662937
141,1000.0,1,18,151.8979809122214
142,1000.0,1,17,177.74780654006875
143,1000.0,1,16,151.89797503817599
144,1000.0,1,15,128.0481468393871
145,1000.0,1,14,106.19831455066267
146,1000.0,1,13,86.34847698368088
147,1000.0,1,12,106.1983100745955
148,1000.0,1,11,86.34847637689384
149,1000.0,1,10,68.49864149500678
150,1000.0,1,9,52.64880242613834
151,1000.0,1,8,38.798962805113725
152,1000.0,1,7,26.94912072997294
153,1000.0,1,6,17.099272928412795
154,1000.0,1,5,9.249425960669221
155,1000.0,1,4,3.3995759581969907
156,1000.0,1,3,-0.45027583181081354
157,1000.0,1,2,-2.3001295890069358
158,1000.0,1,1,-2.1499871202337317
0,1000.0,0.001,159,-0.0056439220397024314
1,1000.0,0.001,158,0.0047579113894258285
2,1000.0,0.001,157,993997.3055386347
3,1000.0,0.001,156,0.035128557732925
4,1000.0,0.001,155,1003267.5005969305
5,1000.0,0.001,154,4006509.342524653
6,1000.0,0.001,153,9009733.011112124
7,1000.0,0.001,152,4006500.6379911937
8,1000.0,0.001,151,9009735.117965806
9,1000.0,0.001,150,4006501.0753627717
10,1000.0,0.001,149,1003256.4797783614
11,1000.0,0.001,148,-0.019749764714013907
12,1000.0,0.001,147,1003256.4374628168
13,1000.0,0.001,146,-0.024118676765375824
14,1000.0,0.001,145,996735.6754269747
15,1000.0,0.001,144,3993464.9479816407
16,1000.0,0.001,143,8990188.651748378
17,1000.0,0.001,142,15986907.596048031
18,1000.0,0.001,141,8990188.18116651
19,1000.0,0.001,140,15986907.689021656
20,1000.0,0.001,139,24983621.37524455
21,1000.0,0.001,138,35980331.17683655
22,1000.0,0.001,137,48977032.35929459
23,1000.0,0.001,136,63973727.545099765
24,1000.0,0.001,135,48977026.86867335
25,1000.0,0.001,134,35980321.747554325
26,1000.0,0.001,133,48977022.11961447
27,1000.0,0.001,132,63973722.506549925
28,1000.0,0.001,131,48977022.61222379
29,1000.0,0.001,130,35980316.983220935
30,1000.0,0.001,129,48977020.552654855
31,1000.0,0.001,128,35980315.28090474
32,1000.0,0.001,127,48977020.87128542
33,1000.0,0.001,126,63973722.60324713
34,1000.0,0.001,125,48977021.05216619
35,1000.0,0.001,124,35980315.81159705
36,1000.0,0.001,123,24983605.87265797
37,1000.0,0.001,122,35980315.85716298
38,1000.0,0.001,121,48977020.63770095
39,1000.0,0.001,120,35980313.78054603
40,1000.0,0.001,119,48977015.69933018
41,1000.0,0.001,118,35980309.96806863
42,1000.0,0.001,117,48977016.486877345
43,1000.0,0.001,116,63973719.56123316
44,1000.0,0.001,115,80970419.35189651
45,1000.0,0.001,114,63973719.96983012
46,1000.0,0.001,113,48977016.85048754
47,1000.0,0.001,112,63973720.724462174
48,1000.0,0.001,111,80970421.47647515
49,1000.0,0.001,110,63973720.44918738
50,1000.0,0.001,109,48977017.169536084
51,1000.0,0.001,108,63973721.08816126
52,1000.0,0.001,107,80970416.04844351
53,1000.0,0.001,106,63973715.677977666
54,1000.0,0.001,105,48977012.6316312
55,1000.0,0.001,104,35980305.62658851
56,1000.0,0.001,103,48977007.76226897
57,1000.0,0.001,102,35980301.37635963
58,1000.0,0.001,101,24983591.84022149
59,1000.0,0.001,100,35980302.000418544
60,1000.0,0.001,99,24983595.50243703
61,1000.0,0.001,98,35980302.15549155
62,1000.0,0.001,97,48977004.68039875
63,1000.0,0.001,96,35980298.00391421
64,1000.0,0.001,95,48977001.511690795
65,1000.0,0.001,94,35980295.81761774
66,1000.0,0.001,93,24983586.760004424
67,1000.0,0.001,92,35980295.859165825
68,1000.0,0.001,91,24983587.02425538
69,1000.0,0.001,90,15986874.732626788
70,1000.0,0.001,89,8990160.529283395
71,1000.0,0.001,88,15986872.723457847
72,1000.0,0.001,87,8990158.784527227
73,1000.0,0.001,86,3993441.9911857503
74,1000.0,0.001,85,996722.2536959433
75,1000.0,0.001,84,0.031727100594615365
76,1000.0,0.001,83,1003275.2729239844
77,1000.0,0.001,82,0.030878088212190846
78,1000.0,0.001,81,996722.0064563209
79,1000.0,0.001,80,0.030991993765852044
80,1000.0,0.001,79,1003275.3105398697
81,1000.0,0.001,78,4006548.0694164634
82,1000.0,0.001,77,9009818.52612317
83,1000.0,0.001,76,16013086.43402748
84,1000.0,0.001,75,9009818.688376999
85,1000.0,0.001,74,16013086.741861714
86,1000.0,0.001,73,9009818.57503886
87,1000.0,0.001,72,4006548.0271441685
88,1000.0,0.001,71,1003275.2267993188
89,1000.0,0.001,70,4006547.897717446
90,1000.0,0.001,69,1003275.1148881554
91,1000.0,0.001,68,0.04011561396133345
92,1000.0,0.001,67,996721.0180595105
93,1000.0,0.001,66,3993439.6620553727
94,1000.0,0.001,65,8990153.960364498
95,1000.0,0.001,64,15986864.619872445
96,1000.0,0.001,63,24983575.07699104
97,1000.0,0.001,62,35980279.20997159
98,1000.0,0.001,61,48976984.687560305
99,1000.0,0.001,60,63973682.41216775
100,1000.0,0.001,59,80970380.37944236
101,1000.0,0.001,58,63973680.41170194
102,1000.0,0.001,57,80970374.36812206
103,1000.0,0.001,56,99967064.83625033
104,1000.0,0.001,55,120963758.80890253
105,1000.0,0.001,54,99967067.63739288
106,1000.0,0.001,53,120963754.82600261
107,1000.0,0.001,52,143960438.45662856
108,1000.0,0.001,51,168957118.57628086
109,1000.0,0.001,50,195953795.15492025
110,1000.0,0.001,49,224950478.43340698
111,1000.0,0.001,48,255947159.80278143
112,1000.0,0.001,47,224950479.01991048
113,1000.0,0.001,46,255947149.45642152
114,1000.0,0.001,45,288943827.9279693
115,1000.0,0.001,44,255947160.02215624
116,1000.0,0.001,43,224950482.43280354
117,1000.0,0.001,42,255947153.73022017
118,1000.0,0.001,41,288943821.6846953
119,1000.0,0.001,40,323940486.0162385
120,1000.0,0.001,39,360937147.23750913
121,1000.0,0.001,38,323940474.34732133
122,1000.0,0.001,37,360937135.0052421
123,1000.0,0.001,36,399933792.3418206
124,1000.0,0.001,35,360937135.1959146
125,1000.0,0.001,34,323940470.56982905
126,1000.0,0.001,33,360937131.23150164
127,1000.0,0.001,32,399933788.6275275
128,1000.0,0.001,31,440930442.6371491
129,1000.0,0.001,30,399933777.37932706
130,1000.0,0.001,29,360937111.2942728
131,1000.0,0.001,28,323940442.3920529
132,1000.0,0.001,27,288943767.6221154
133,1000.0,0.001,26,323940429.7332957
134,1000.0,0.001,25,288943755.80910045
135,1000.0,0.001,24,255947079.96818843
136,1000.0,0.001,23,224950402.11575118
137,1000.0,0.001,22,195953724.61061147
138,1000.0,0.001,21,168957042.44055852
139,1000.0,0.001,20,143960359.74474612
140,1000.0,0.001,19,168957034.79644832
141,1000.0,0.001,18,195953706.5633096
142,1000.0,0.001,17,224950375.04765478
143,1000.0,0.001,16,195953697.47850633
144,1000.0,0.001,15,168957021.4147439
145,1000.0,0.001,14,143960341.26507357
146,1000.0,0.001,13,168957015.04558852
147,1000.0,0.001,12,143960332.68977633
148,1000.0,0.001,11,120963650.91504088
149,1000.0,0.001,10,99966967.92632414
150,1000.0,0.001,9,80970280.96165608
151,1000.0,0.001,8,63973592.963049114
152,1000.0,0.001,7,48976902.40999812
153,1000.0,0.001,6,35980207.729015894
154,1000.0,0.001,5,24983512.20639289
155,1000.0,0.001,4,15986813.783143638
156,1000.0,0.001,3,8990113.347237218
157,1000.0,0.001,2,3993410.979192613
158,1000.0,0.001,1,996706.4317705807
