,Number of support vectors,MSE increase,M,lambda
0,159,5.638913606276219e-06,1,1.0
1,158,-0.0021707932208059333,1,1.0
2,157,-1.7497233325921115,1,1.0
3,156,0.00512365105719681,1,1.0
4,155,4.150929204298656,1,1.0
5,154,-5.145985028320865e-06,1,1.0
6,153,-2.150866058690937,1,1.0
7,152,-5.902016233960694e-06,1,1.0
8,151,4.150940716152618,1,1.0
9,150,-1.943649213842491e-05,1,1.0
10,149,-2.1508392453892924,1,1.0
11,148,-2.3015285227296047,1,1.0
12,147,-2.15085100536718,1,1.0
13,146,-1.2452488910241755e-05,1,1.0
14,145,4.151012650254756,1,1.0
15,144,-4.0054446799331345e-06,1,1.0
16,143,-2.1508730909769795,1,1.0
17,142,-2.301574648571929,1,1.0
18,141,-2.1508728523390914,1,1.0
19,140,-2.3015811840208897,1,1.0
20,139,-2.1508614823907877,1,1.0
21,138,-2.3015539203769393,1,1.0
22,137,-0.4521830166728691,1,1.0
23,136,-2.301569725235389,1,1.0
24,135,-0.45209958623664903,1,1.0
25,134,-2.301555668071522,1,1.0
26,133,-0.451952070712899,1,1.0
27,132,3.3979096672251217,1,1.0
28,131,9.247785042376911,1,1.0
29,130,3.397974648844176,1,1.0
30,129,9.248111923678614,1,1.0
31,128,17.098007670835678,1,1.0
32,127,9.248039477216658,1,1.0
33,126,17.09801714239365,1,1.0
34,125,26.948112232238877,1,1.0
35,124,17.09808708041384,1,1.0
36,123,9.248122528428617,1,1.0
37,122,17.098087450354335,1,1.0
38,121,26.948080741240254,1,1.0
39,120,17.09788324454221,1,1.0
40,119,26.947982236622103,1,1.0
41,118,17.097941107715563,1,1.0
42,117,26.94849763807121,1,1.0
43,116,38.79876386591406,1,1.0
44,115,52.64936698848579,1,1.0
45,114,38.79901159636349,1,1.0
46,113,26.948541577395197,1,1.0
47,112,38.798815299016205,1,1.0
48,111,52.649208254691025,1,1.0
49,110,38.798668077734426,1,1.0
50,109,52.64926788993801,1,1.0
51,108,38.798932972571954,1,1.0
52,107,26.94847495180273,1,1.0
53,106,38.799288741254166,1,1.0
54,105,26.94900031948992,1,1.0
55,104,17.09877000772162,1,1.0
56,103,26.949471868065025,1,1.0
57,102,17.099190384653546,1,1.0
58,101,9.249019020652447,1,1.0
59,100,3.398690834372168,1,1.0
60,99,9.24872664947042,1,1.0
61,98,17.098711297563575,1,1.0
62,97,9.248584942870828,1,1.0
63,96,17.099080230552524,1,1.0
64,95,26.949836271881516,1,1.0
65,94,17.099528568422066,1,1.0
66,93,9.249299674396916,1,1.0
67,92,17.09954071503953,1,1.0
68,91,9.24930393821591,1,1.0
69,90,3.3991081960132874,1,1.0
70,89,-0.450845886341277,1,1.0
71,88,-2.3007147760806674,1,1.0
72,87,-2.150478016825751,1,1.0
73,86,-0.00012537852937555272,1,1.0
74,85,4.1503518238666075,1,1.0
75,84,-0.0001455484108419114,1,1.0
76,83,4.150274716186736,1,1.0
77,82,-0.00013467078509421526,1,1.0
78,81,-2.150431630687919,1,1.0
79,80,-0.00013858797511545617,1,1.0
80,79,4.150266197049589,1,1.0
81,78,10.300809997155604,1,1.0
82,77,18.45147867876708,1,1.0
83,76,28.602244483998398,1,1.0
84,75,40.753147951193576,1,1.0
85,74,28.602279344168984,1,1.0
86,73,40.75315176492558,1,1.0
87,72,28.60217661551463,1,1.0
88,71,18.4513564427617,1,1.0
89,70,10.300740498925286,1,1.0
90,69,4.150216448679274,1,1.0
91,68,-0.0001712689831592229,1,1.0
92,67,-2.150282059108882,1,1.0
93,66,-2.3002530940646437,1,1.0
94,65,-0.4499133369813322,1,1.0
95,64,3.4006873521701237,1,1.0
96,63,-0.449732298968307,1,1.0
97,62,3.4006704843443956,1,1.0
98,61,9.251526813037664,1,1.0
99,60,17.102348307118355,1,1.0
100,59,9.251685196405482,1,1.0
101,58,17.10234387629368,1,1.0
102,57,26.953669325084682,1,1.0
103,56,38.805255627243646,1,1.0
104,55,52.656711234324895,1,1.0
105,54,38.80548304168958,1,1.0
106,53,52.657360514263495,1,1.0
107,52,68.5088075720362,1,1.0
108,51,86.36113705462103,1,1.0
109,50,106.21372744889274,1,1.0
110,49,128.06657877468794,1,1.0
111,48,151.9196918980167,1,1.0
112,47,177.77230048508835,1,1.0
113,46,151.91897475061913,1,1.0
114,45,177.7722956973819,1,1.0
115,44,205.62475795259647,1,1.0
116,43,177.77254464523426,1,1.0
117,42,205.62614561582907,1,1.0
118,41,235.48000786012292,1,1.0
119,40,267.33413948887454,1,1.0
120,39,235.48111483266004,1,1.0
121,38,267.33530481959275,1,1.0
122,37,235.48110834393114,1,1.0
123,36,267.33530333533326,1,1.0
124,35,235.48270371151378,1,1.0
125,34,267.3369882304387,1,1.0
126,33,301.1915361936478,1,1.0
127,32,337.04634593000173,1,1.0
128,31,301.19303181526345,1,1.0
129,30,267.33984495200394,1,1.0
130,29,301.1945539020488,1,1.0
131,28,267.3412349333168,1,1.0
132,27,235.48767615884512,1,1.0
133,26,205.6344748271314,1,1.0
134,25,235.4888675177019,1,1.0
135,24,205.63559589385963,1,1.0
136,23,177.78244291646374,1,1.0
137,22,151.92954498205594,1,1.0
138,21,128.07637751855017,1,1.0
139,20,106.22363056160015,1,1.0
140,19,128.0773277774704,1,1.0
141,18,151.931289646627,1,1.0
142,17,177.78551137901817,1,1.0
143,16,151.93199223907234,1,1.0
144,15,128.07911907977225,1,1.0
145,14,106.22623108113365,1,1.0
146,13,86.3732831600386,1,1.0
147,12,106.22701037356242,1,1.0
148,11,86.37418559043013,1,1.0
149,10,68.52148423585732,1,1.0
150,9,52.66880991613885,1,1.0
151,8,38.81629815225235,1,1.0
152,7,26.96387287280313,1,1.0
153,6,17.11133092246822,1,1.0
154,5,9.259090716393025,1,1.0
155,4,3.40692389596051,1,1.0
156,3,-0.44513548893146293,1,1.0
157,2,-2.2970833590275532,1,1.0
158,1,-2.148948725607397,1,1.0
0,159,8.636335969924858e-06,2,1.0
1,158,-0.0033472382956958313,2,1.0
2,157,-1.8678256493852814,2,1.0
3,156,0.0011661706312082742,2,1.0
4,155,4.151890412367301,2,1.0
5,154,10.303925799322137,2,1.0
6,153,18.45619267300136,2,1.0
7,152,10.303946577683654,2,1.0
8,151,4.151904516354513,2,1.0
9,150,-2.716515848533163e-05,2,1.0
10,149,4.151995790713578,2,1.0
11,148,10.304552738329043,2,1.0
12,147,4.151994987436865,2,1.0
13,146,-1.468495604939335e-05,2,1.0
14,145,4.152042039250205,2,1.0
15,144,1.9464990259621118e-06,2,1.0
16,143,-2.151740365088827,2,1.0
17,142,-2.303145221660067,2,1.0
18,141,-2.1517400382132834,2,1.0
19,140,-2.3031582325679025,2,1.0
20,139,-2.151717443557139,2,1.0
21,138,-2.303103679954461,2,1.0
22,137,-0.4543613488012852,2,1.0
23,136,-2.3031352006759036,2,1.0
24,135,-0.4541943882639643,2,1.0
25,134,-2.30310702982257,2,1.0
26,133,-2.1516950176291445,2,1.0
27,132,-2.302867085042763,2,1.0
28,131,-0.453522338261223,2,1.0
29,130,3.395956135466953,2,1.0
30,129,9.246233912479916,2,1.0
31,128,17.096029989485594,2,1.0
32,127,9.246089294439777,2,1.0
33,126,17.096049066962813,2,1.0
34,125,26.946244895388524,2,1.0
35,124,17.096189429971652,2,1.0
36,123,9.246256148339917,2,1.0
37,122,17.0961903254288,2,1.0
38,121,26.94618230005357,2,1.0
39,120,17.09578222970358,2,1.0
40,119,26.94598533368208,2,1.0
41,118,17.095898116524715,2,1.0
42,117,26.947016197584098,2,1.0
43,116,38.79755457196244,2,1.0
44,115,52.64876745351621,2,1.0
45,114,38.79805027649122,2,1.0
46,113,26.947104604858275,2,1.0
47,112,38.79765778858853,2,1.0
48,111,52.648450238092,2,1.0
49,110,38.79736358641683,2,1.0
50,109,26.946958875059927,2,1.0
51,108,17.096375447969855,2,1.0
52,107,26.94697196717852,2,1.0
53,106,38.79860509193791,2,1.0
54,105,26.94802282271865,2,1.0
55,104,17.097557427217176,2,1.0
56,103,26.948965972644437,2,1.0
57,102,17.098398381699774,2,1.0
58,101,9.248051607027286,2,1.0
59,100,3.397391785560046,2,1.0
60,99,9.24746690059191,2,1.0
61,98,17.097440208409758,2,1.0
62,97,9.247183563502723,2,1.0
63,96,17.09817811820701,2,1.0
64,95,26.949694754794443,2,1.0
65,94,17.09907487587561,2,1.0
66,93,9.24861312332532,2,1.0
67,92,17.0990992094414,2,1.0
68,91,9.248621704816692,2,1.0
69,90,3.3982267860680864,2,1.0
70,89,-0.451684332094878,2,1.0
71,88,-2.3014245936362627,2,1.0
72,87,-2.15095308590368,2,1.0
73,86,-0.0002493347158676329,2,1.0
74,85,4.150703989339853,2,1.0
75,84,-0.0002897485892603413,2,1.0
76,83,4.15054967888603,2,1.0
77,82,-0.00026798078338430287,2,1.0
78,81,-2.1508603546054488,2,1.0
79,80,-0.0002758313796888956,2,1.0
80,79,4.150532566397928,2,1.0
81,78,10.30161943811958,2,1.0
82,77,18.452956479227346,2,1.0
83,76,28.604488152990847,2,1.0
84,75,40.75629553908001,2,1.0
85,74,28.60455788177189,2,1.0
86,73,40.756303096357634,2,1.0
87,72,28.604352417883142,2,1.0
88,71,18.452712067731674,2,1.0
89,70,10.301480571988058,2,1.0
90,69,4.1504332318345405,2,1.0
91,68,-0.0003411154431134378,2,1.0
92,67,-2.150561223532158,2,1.0
93,66,-2.300501434629119,2,1.0
94,65,-0.4498197275443303,2,1.0
95,64,3.40138419924822,2,1.0
96,63,-0.44945763564658137,2,1.0
97,62,3.401350470161354,2,1.0
98,61,9.253066006625453,2,1.0
99,60,17.10471216571255,2,1.0
100,59,9.253382811622394,2,1.0
101,58,17.10470331318266,2,1.0
102,57,26.9573577171957,2,1.0
103,56,38.81053412335313,2,1.0
104,55,52.66344935858954,2,1.0
105,54,38.81098900973691,2,1.0
106,53,52.664748051437634,2,1.0
107,52,68.51764643341417,2,1.0
108,51,86.37231007025832,2,1.0
109,50,106.22749583350512,2,1.0
110,49,128.0832037628481,2,1.0
111,48,151.93943559051726,2,1.0
112,47,177.79465847001123,2,1.0
113,46,151.93800121717453,2,1.0
114,45,177.79464885533397,2,1.0
115,44,205.64957909705524,2,1.0
116,43,177.79514687080857,2,1.0
117,42,205.65235455551007,2,1.0
118,41,235.51008498956068,2,1.0
119,40,267.3683544110224,2,1.0
120,39,235.5122992596878,2,1.0
121,38,267.3706853389064,2,1.0
122,37,235.5122863050286,2,1.0
123,36,267.3706823405247,2,1.0
124,35,235.51547741890263,2,1.0
125,34,267.37405251710624,2,1.0
126,33,301.23315464895916,2,1.0
127,32,337.0927805171711,2,1.0
128,31,301.23614628105753,2,1.0
129,30,267.37976673573604,2,1.0
130,29,301.23919084029455,2,1.0
131,28,267.38254710417675,2,1.0
132,27,235.5254238539034,2,1.0
133,26,205.66901573910846,2,1.0
134,25,235.5278068982939,2,1.0
135,24,205.67125819719413,2,1.0
136,23,177.81494695353453,2,1.0
137,22,151.95914600849926,2,1.0
138,21,128.1028060565761,2,1.0
139,20,106.24730735680293,2,1.0
140,19,128.10470683795614,2,1.0
141,18,151.96263580187164,2,1.0
142,17,177.82108464882438,2,1.0
143,16,151.96404123232637,2,1.0
144,15,128.10829005681163,2,1.0
145,14,106.25250931298828,2,1.0
146,13,86.39660888504258,2,1.0
147,12,106.2540681604977,2,1.0
148,11,86.39841405603673,2,1.0
149,10,68.54300695594162,2,1.0
150,9,52.68765402977201,2,1.0
151,8,38.832626340822394,2,1.0
152,7,26.977771722739497,2,1.0
153,6,17.122683771641384,2,1.0
154,5,9.268199502702082,2,1.0
155,4,3.4138620945818374,2,1.0
156,3,-0.4402603440902908,2,1.0
157,2,-2.294159677691532,2,1.0
158,1,-2.147894006488265,2,1.0
0,159,8.090432764618072e-06,3,1.0
1,158,-0.0024945197293888555,3,1.0
2,157,-1.974162945132278,3,1.0
3,156,0.001121008491772102,3,1.0
4,155,4.152868502711051,3,1.0
5,154,10.30605625371907,3,1.0
6,153,18.45945451096383,3,1.0
7,152,10.306006751135008,3,1.0
8,151,4.152889479882738,3,1.0
9,150,-2.5265366843996162e-05,3,1.0
10,149,4.153023908163263,3,1.0
11,148,10.306880779535128,3,1.0
12,147,4.1530225665326626,3,1.0
13,146,-6.685299240416498e-06,3,1.0
14,145,4.153091981586215,3,1.0
15,144,1.8841143727854615e-05,3,1.0
16,143,-2.152602604673497,3,1.0
17,142,-2.3047131888029853,3,1.0
18,141,-2.1526021239120396,3,1.0
19,140,-2.304732780698366,3,1.0
20,139,-2.152568278872323,3,1.0
21,138,-2.3046510484740494,3,1.0
22,137,-0.45653714105450405,3,1.0
23,136,-2.304698295555305,3,1.0
24,135,-0.4562869128302651,3,1.0
25,134,-2.3046560298062673,3,1.0
26,133,-2.1525349286169373,3,1.0
27,132,-2.3042962478032223,3,1.0
28,131,-0.45527932798427173,3,1.0
29,130,3.39394124074132,3,1.0
30,129,9.24436337085249,3,1.0
31,128,17.09406578952315,3,1.0
32,127,9.244146417337937,3,1.0
33,126,17.09409395070937,3,1.0
34,125,26.944398152961988,3,1.0
35,124,17.09430496984354,3,1.0
36,123,9.244397430567695,3,1.0
37,122,17.094306121367133,3,1.0
38,121,26.944303793516603,3,1.0
39,120,17.09369419106023,3,1.0
40,119,26.94400791352296,3,1.0
41,118,17.093867994486722,3,1.0
42,117,26.945553903538674,3,1.0
43,116,38.7963721944006,3,1.0
44,115,52.6482038302017,3,1.0
45,114,38.797115882276024,3,1.0
46,113,26.945686985742604,3,1.0
47,112,38.796526997970126,3,1.0
48,111,52.64772765653634,3,1.0
49,110,38.796085875432645,3,1.0
50,109,26.945468941837014,3,1.0
51,108,17.094585547060085,3,1.0
52,107,26.945488570967136,3,1.0
53,106,38.79794793947098,3,1.0
54,105,26.94706489882524,3,1.0
55,104,17.096358691108712,3,1.0
56,103,26.948479519529236,3,1.0
57,102,17.097620432147586,3,1.0
58,101,9.2470939047084,3,1.0
59,100,3.396099175382332,3,1.0
60,99,9.24621682736015,3,1.0
61,98,17.09618292705327,3,1.0
62,97,9.245791898601333,3,1.0
63,96,17.09728978934583,3,1.0
64,95,26.949572055372066,3,1.0
65,94,17.09863500745623,3,1.0
66,93,9.247936319767852,3,1.0
67,92,17.098671500143716,3,1.0
68,91,9.247949238766829,3,1.0
69,90,3.397352041762325,3,1.0
70,89,-0.4525183389235039,3,1.0
71,88,-2.3021313480454637,3,1.0
72,87,-2.1514256168959136,3,1.0
73,86,-0.0003704132789366099,3,1.0
74,85,4.151060185573748,3,1.0
75,84,-0.00043112330782690833,3,1.0
76,83,4.150828603202008,3,1.0
77,82,-0.00039842962801373005,3,1.0
78,81,-2.1512865499573692,3,1.0
79,80,-0.0004102120915305818,3,1.0
80,79,4.15080286477987,3,1.0
81,78,10.30243466182258,3,1.0
82,77,18.45444265259767,3,1.0
83,76,28.606743492464012,3,1.0
84,75,40.759458797329366,3,1.0
85,74,28.606848188293036,3,1.0
86,73,40.75947008272572,3,1.0
87,72,28.606540088995338,3,1.0
88,71,18.454076423055305,3,1.0
89,70,10.302226906736273,3,1.0
90,69,4.150654461379652,3,1.0
91,68,-0.0005077333420260288,3,1.0
92,67,-2.150837738755797,3,1.0
93,66,-2.3007470646540824,3,1.0
94,65,-0.44972276428659796,3,1.0
95,64,3.4020856394222037,3,1.0
96,63,-0.44917961296886233,3,1.0
97,62,3.4020350322553057,3,1.0
98,61,9.254611557655316,3,1.0
99,60,17.107084683134424,3,1.0
100,59,9.25508680397025,3,1.0
101,58,17.10707137697016,3,1.0
102,57,26.961057564195734,3,1.0
103,56,38.81582739401552,3,1.0
104,55,52.6702059941288,3,1.0
105,54,38.81650976721247,3,1.0
106,53,52.672154172899845,3,1.0
107,52,68.52650804640572,3,1.0
108,51,86.38351060216681,3,1.0
109,50,106.2412970038502,3,1.0
110,49,128.09986731102128,3,1.0
111,48,151.9592241223416,3,1.0
112,47,177.817067897009,3,1.0
113,46,151.95707240889354,3,1.0
114,45,177.81705328083896,3,1.0
115,44,205.67445818203223,3,1.0
116,43,177.8178004498933,3,1.0
117,42,205.67862134511918,3,1.0
118,41,235.54022679024862,3,1.0
119,40,267.4026411785638,3,1.0
120,39,235.54354866461406,3,1.0
121,38,267.4061378871118,3,1.0
122,37,235.5435292226335,3,1.0
123,36,267.40613325328326,3,1.0
124,35,235.5483164196729,3,1.0
125,34,267.41118903893476,3,1.0
126,33,301.2748525027921,3,1.0
127,32,337.1393019692555,3,1.0
128,31,301.27934049604033,3,1.0
129,30,267.4197614849161,3,1.0
130,29,301.2839078631553,3,1.0
131,28,267.4239326392161,3,1.0
132,27,235.563238426237,3,1.0
133,26,205.70361744609588,3,1.0
134,25,235.56681344724583,3,1.0
135,24,205.70698159739348,3,1.0
136,23,177.84750630625663,3,1.0
137,22,151.98879692223082,3,1.0
138,21,128.12927921573583,3,1.0
139,20,106.27102387007724,3,1.0
140,19,128.1321307424577,3,1.0
141,18,151.9940322041107,3,1.0
142,17,177.85671381139716,3,1.0
143,16,151.99614071302372,3,1.0
144,15,128.13750650134844,3,1.0
145,14,106.27882820699685,3,1.0
146,13,86.41997079270246,3,1.0
147,12,106.28116685950033,3,1.0
148,11,86.42267900688441,3,1.0
149,10,68.56456198672646,3,1.0
150,9,52.70652647607766,3,1.0
151,8,38.848979084270276,3,1.0
152,7,26.99169152544662,3,1.0
153,6,17.13405405425612,3,1.0
154,5,9.277322475753216,3,1.0
155,4,3.4208113958574913,3,1.0
156,3,-0.43537701268623863,3,1.0
157,2,-2.2912306063112666,3,1.0
158,1,-2.1468366650806203,3,1.0
0,159,4.460923008764439e-06,4,1.0
1,158,-0.0010961824543684884,4,1.0
2,157,-2.0723649966872983,4,1.0
3,156,0.0008219515116252296,4,1.0
4,155,4.153866012113518,4,1.0
5,154,10.308200101761187,4,1.0
6,153,4.153887288040401,4,1.0
7,152,10.308142458248327,4,1.0
8,151,4.153903036442223,4,1.0
9,150,-1.170821187912452e-05,4,1.0
10,149,4.154080050855725,4,1.0
11,148,-6.429264990970296e-05,4,1.0
12,147,4.154079128727318,4,1.0
13,146,1.4286011342790061e-05,4,1.0
14,145,4.154170520191073,4,1.0
15,144,4.948917006686315e-05,4,1.0
16,143,-2.153461337935454,4,1.0
17,142,-2.3062836157762874,4,1.0
18,141,-0.4585228265713823,4,1.0
19,140,-2.3063098924802503,4,1.0
20,139,-0.45856396931296217,4,1.0
21,138,3.3893302646520382,4,1.0
22,137,-0.45871830000054814,4,1.0
23,136,3.3897107829640447,4,1.0
24,135,-0.4583850618389249,4,1.0
25,134,-2.3062077084644272,4,1.0
26,133,-0.45779607162074853,4,1.0
27,132,3.391659857947772,4,1.0
28,131,9.241182165449175,4,1.0
29,130,3.391919717991229,4,1.0
30,129,9.242488183821266,4,1.0
31,128,17.09210156028631,4,1.0
32,127,9.24219874641092,4,1.0
33,126,17.092138244603817,4,1.0
34,125,26.94255746481234,4,1.0
35,124,17.092420235622242,4,1.0
36,123,26.942743620971726,4,1.0
37,122,17.09242135285905,4,1.0
38,121,26.942430625051898,4,1.0
39,120,17.09160567739839,4,1.0
40,119,26.942035320100388,4,1.0
41,118,17.091837282505978,4,1.0
42,117,26.9440960562155,4,1.0
43,116,38.795201136725794,4,1.0
44,115,52.647659927201346,4,1.0
45,114,38.79619281957849,4,1.0
46,113,26.944274068029713,4,1.0
47,112,38.795407291097675,4,1.0
48,111,52.647024214064444,4,1.0
49,110,38.79481931472442,4,1.0
50,109,52.64726166882777,4,1.0
51,108,38.79587903197627,4,1.0
52,107,26.94401013194357,4,1.0
53,106,38.79730156426817,4,1.0
54,105,26.946111898020334,4,1.0
55,104,17.095160517734755,4,1.0
56,103,26.9479978121837,4,1.0
57,102,17.096843287076126,4,1.0
58,101,9.246134377348895,4,1.0
59,100,3.3948034483142564,4,1.0
60,99,9.244964871473414,4,1.0
61,98,17.094926104902484,4,1.0
62,97,9.244398379148251,4,1.0
63,96,17.09640187133425,4,1.0
64,95,26.949453225525545,4,1.0
65,94,17.09819558240163,4,1.0
66,93,9.247257682205486,4,1.0
67,92,17.09824417918952,4,1.0
68,91,9.247274949406787,4,1.0
69,90,3.396474422969284,4,1.0
70,89,-0.45335517495638555,4,1.0
71,88,-2.302839823424904,4,1.0
72,87,-2.1518976980381126,4,1.0
73,86,-0.0004877949119546088,4,1.0
74,85,4.151424343670293,4,1.0
75,84,-0.000568846807624368,4,1.0
76,83,4.151115423681603,4,1.0
77,82,-0.0005251837048163566,4,1.0
78,81,-2.151712292629398,4,1.0
79,80,-0.0005408937020234816,4,1.0
80,79,4.151081025103906,4,1.0
81,78,10.303262882922041,4,1.0
82,77,18.455947870257887,4,1.0
83,76,28.60902479949506,4,1.0
84,75,40.76265581177893,4,1.0
85,74,28.609164582424143,4,1.0
86,73,40.76267079854493,4,1.0
87,72,28.608753974960933,4,1.0
88,71,18.455460277852524,4,1.0
89,70,10.302986847260158,4,1.0
90,69,4.150884214819776,4,1.0
91,68,-0.0006701629223826444,4,1.0
92,67,-2.151113622083301,4,1.0
93,66,-2.300994837848691,4,1.0
94,65,-0.449630001126323,4,1.0
95,64,3.402781550927358,4,1.0
96,63,9.254900171055311,4,1.0
97,62,3.402714051274401,4,1.0
98,61,9.25615090116024,4,1.0
99,60,17.109450973920914,4,1.0
100,59,26.96246232717243,4,1.0
101,58,17.109433185420485,4,1.0
102,57,26.964751774267384,4,1.0
103,56,38.82111624577216,4,1.0
104,55,52.67695995409163,4,1.0
105,54,68.53524163952092,4,1.0
106,53,86.39151801299535,4,1.0
107,52,68.53536934521095,4,1.0
108,51,86.39471380501836,4,1.0
109,50,106.25510444611295,4,1.0
110,49,128.11654134794009,4,1.0
111,48,151.9790279758061,4,1.0
112,47,177.8394979101488,4,1.0
113,46,151.97615884902717,4,1.0
114,45,177.83947811365357,4,1.0
115,44,205.6993630435125,4,1.0
116,43,177.8404745557391,4,1.0
117,42,205.70491376771776,4,1.0
118,41,235.57039972754984,4,1.0
119,40,267.4369650170722,4,1.0
120,39,235.57482954514796,4,1.0
121,38,267.4416276945766,4,1.0
122,37,235.5748036138524,4,1.0
123,36,267.4416213039825,4,1.0
124,35,301.3094639417113,4,1.0
125,34,267.4483630369954,4,1.0
126,33,301.3165937553403,4,1.0
127,32,337.1858731137482,4,1.0
128,31,301.3225784778447,4,1.0
129,30,337.19217613291573,4,1.0
130,29,301.3286689992909,4,1.0
131,28,267.46535685050503,4,1.0
132,27,235.6010865461426,4,1.0
133,26,267.4694548381359,4,1.0
134,25,235.6058538443304,4,1.0
135,24,205.74273421791077,4,1.0
136,23,177.88009061202217,4,1.0
137,22,152.0184689506135,4,1.0
138,21,128.15576987790303,4,1.0
139,20,106.29475470717846,4,1.0
140,19,128.15957237040436,4,1.0
141,18,152.02545006909492,4,1.0
142,17,177.89236847473546,4,1.0
143,16,152.02826190995648,4,1.0
144,15,128.1667413247613,4,1.0
145,14,106.30516241872378,4,1.0
146,13,128.17088360405506,4,1.0
147,12,106.3082811292117,4,1.0
148,11,86.4469569346649,4,1.0
149,10,68.58612771524977,4,1.0
150,9,52.72540759433849,4,1.0
151,8,38.86533872297056,4,1.0
152,7,27.005616670844063,4,1.0
153,6,17.145428258514144,4,1.0
154,5,9.286448272902547,4,1.0
155,4,3.427762634694602,4,1.0
156,3,-0.430492414946265,4,1.0
157,2,-2.2883007866271043,4,1.0
158,1,-2.14577903913343,4,1.0
0,159,3.101577448205717e-07,5,1.0
1,158,-8.484575079137358e-05,5,1.0
2,157,-2.149853381788425,5,1.0
3,156,0.0003088468341019279,5,1.0
4,155,4.154879162665246,5,1.0
5,154,10.310390699719122,5,1.0
6,153,4.154911057562536,5,1.0
7,152,1.3063808452784542e-05,5,1.0
8,151,4.1549373178552,5,1.0
9,150,1.0191883490051623e-05,5,1.0
10,149,-2.15415465409194,5,1.0
11,148,-2.3076206438723403,5,1.0
12,147,-2.154213378257168,5,1.0
13,146,4.4269263135277015e-05,5,1.0
14,145,-2.154514127837345,5,1.0
15,144,-2.3078827688930943,5,1.0
16,143,-0.4606429760726769,5,1.0
17,142,3.387314411122439,5,1.0
18,141,-0.4606603460472627,5,1.0
19,140,3.3872874045332395,5,1.0
20,139,9.235277073257123,5,1.0
21,138,17.08485740614296,5,1.0
22,137,9.235416752787472,5,1.0
23,136,17.086339245620593,5,1.0
24,135,26.93857908873467,5,1.0
25,134,38.790119399980156,5,1.0
26,133,26.939241411501712,5,1.0
27,132,38.79288797279379,5,1.0
28,131,52.64403224873408,5,1.0
29,130,38.79249462323868,5,1.0
30,129,52.644324956243864,5,1.0
31,128,68.49676066879887,5,1.0
32,127,52.64360022453802,5,1.0
33,126,38.79179666213294,5,1.0
34,125,52.643299986072876,5,1.0
35,124,68.49478536306232,5,1.0
36,123,52.642617567180764,5,1.0
37,122,68.49503922076003,5,1.0
38,121,52.64331956810665,5,1.0
39,120,38.79181751077817,5,1.0
40,119,52.64662633044554,5,1.0
41,118,68.49928204583966,5,1.0
42,117,52.64578243774527,5,1.0
43,116,68.49956827630827,5,1.0
44,115,52.64711918831627,5,1.0
45,114,68.49983834022939,5,1.0
46,113,86.3531688267124,5,1.0
47,112,68.50019233388367,5,1.0
48,111,52.64632379838247,5,1.0
49,110,68.50021599573131,5,1.0
50,109,52.646619955741485,5,1.0
51,108,68.50273915363455,5,1.0
52,107,52.65008285761371,5,1.0
53,106,38.796654511054314,5,1.0
54,105,52.65208754019727,5,1.0
55,104,38.79966962145501,5,1.0
56,103,26.947512892766113,5,1.0
57,102,38.79999455048414,5,1.0
58,101,26.94790817227988,5,1.0
59,100,17.09637820577865,5,1.0
60,99,9.243707557911435,5,1.0
61,98,17.093664452019382,5,1.0
62,97,26.94716350531708,5,1.0
63,96,38.801975150984404,5,1.0
64,95,26.94933071152147,5,1.0
65,94,38.80172129048667,5,1.0
66,93,26.94957876748603,5,1.0
67,92,17.09781199219914,5,1.0
68,91,9.246595333045477,5,1.0
69,90,3.395591675503688,5,1.0
70,89,-0.45419632820239997,5,1.0
71,88,-2.3035512065880326,5,1.0
72,87,-2.1523706799612725,5,1.0
73,86,-0.0006034590970926956,5,1.0
74,85,-2.1521568124793475,5,1.0
75,84,-0.0007049093175908183,5,1.0
76,83,-2.152193906114718,5,1.0
77,82,-0.0006502446427276709,5,1.0
78,81,-2.1521389538224014,5,1.0
79,80,-0.0006698846849815254,5,1.0
80,79,4.151363980310769,5,1.0
81,78,10.304099552406157,5,1.0
82,77,18.457465693778502,5,1.0
83,76,28.611323348497493,5,1.0
84,75,18.45752764292736,5,1.0
85,74,28.61149827196192,5,1.0
86,73,40.76589382489806,5,1.0
87,72,28.610985188648954,5,1.0
88,71,18.456856926073968,5,1.0
89,70,10.303755518029718,5,1.0
90,69,4.151119079701715,5,1.0
91,68,-0.0008307012150510218,5,1.0
92,67,-2.1513903807032193,5,1.0
93,66,-2.3012457970144666,5,1.0
94,65,-0.4495423342679885,5,1.0
95,64,3.40347087651557,5,1.0
96,63,9.256119136452824,5,1.0
97,62,17.111396728181717,5,1.0
98,61,26.966245083059917,5,1.0
99,60,17.111808833868636,5,1.0
100,59,26.96557526136634,5,1.0
101,58,38.82311342852394,5,1.0
102,57,52.6819593838958,5,1.0
103,56,38.82639630539775,5,1.0
104,55,52.68370538532051,5,1.0
105,54,68.5440632203449,5,1.0
106,53,86.401915193877,5,1.0
107,52,106.26454152518777,5,1.0
108,51,128.12847648200892,5,1.0
109,50,151.99372031222225,5,1.0
110,49,177.86027769323715,5,1.0
111,48,205.7240541561062,5,1.0
112,47,177.86192860458993,5,1.0
113,46,205.72990052524108,5,1.0
114,45,177.8619035883575,5,1.0
115,44,205.72427086908277,5,1.0
116,43,177.86314943041168,5,1.0
117,42,205.73120926702978,5,1.0
118,41,235.60057829256783,5,1.0
119,40,267.47129729587505,5,1.0
120,39,301.34328944540124,5,1.0
121,38,267.47712621423784,5,1.0
122,37,301.34947500707557,5,1.0
123,36,337.2231036570764,5,1.0
124,35,301.3494340044816,5,1.0
125,34,267.4855461171748,5,1.0
126,33,301.35834696075534,5,1.0
127,32,337.2324593117341,5,1.0
128,31,375.10788026091126,5,1.0
129,30,337.24033895360657,5,1.0
130,29,301.37344288099564,5,1.0
131,28,267.5067913614733,5,1.0
132,27,301.38078519317537,5,1.0
133,26,267.511914367305,5,1.0
134,25,235.64490256879134,5,1.0
135,24,205.77849315211387,5,1.0
136,23,177.9126794223393,5,1.0
137,22,152.0481439288368,5,1.0
138,21,128.1822620250823,5,1.0
139,20,152.0517297059409,5,1.0
140,19,177.92252450257013,5,1.0
141,18,152.05687135050164,5,1.0
142,17,177.9280284125045,5,1.0
143,16,152.0603867768424,5,1.0
144,15,128.19597852992615,5,1.0
145,14,106.33149787152338,5,1.0
146,13,128.20115680839075,5,1.0
147,12,106.33539690600715,5,1.0
148,11,86.47123548448734,5,1.0
149,10,68.607693365662,5,1.0
150,9,52.744288074235186,5,1.0
151,8,38.88169732076487,5,1.0
152,7,27.019540506842915,5,1.0
153,6,17.15680092583662,5,1.0
154,5,9.295572532371466,5,1.0
155,4,3.4347124568435206,5,1.0
156,3,-0.425608982379174,5,1.0
157,2,-2.2853717803410873,5,1.0
158,1,-2.144721857526747,5,1.0
0,159,1.4151182057275946e-06,6,1.0
1,158,-0.0002465945694751781,6,1.0
2,157,-2.150913507982253,6,1.0
3,156,0.0009020087771531848,6,1.0
4,155,4.155849074296398,6,1.0
5,154,10.312443575353598,6,1.0
6,153,4.155885242166711,6,1.0
7,152,1.6073014627693283e-05,6,1.0
8,151,4.155914429762973,6,1.0
9,150,7.195336820586817e-06,6,1.0
10,149,-2.1549890041152935,6,1.0
11,148,-2.3091488278190155,6,1.0
12,147,-2.1550595347849253,6,1.0
13,146,4.752706961141939e-05,6,1.0
14,145,-2.1554203579814484,6,1.0
15,144,-2.3094627874141693,6,1.0
16,143,-0.46277662993296786,6,1.0
17,142,-2.3094323828588017,6,1.0
18,141,-0.46279698585533424,6,1.0
19,140,3.38473768239394,6,1.0
20,139,9.232321283487636,6,1.0
21,138,3.383981976971448,6,1.0
22,137,9.232489579244245,6,1.0
23,136,3.38455152880406,6,1.0
24,135,-0.4625916648605184,6,1.0
25,134,3.3862663072493646,6,1.0
26,133,9.236698633169453,6,1.0
27,132,17.086920669505773,6,1.0
28,131,9.236758988706669,6,1.0
29,130,17.088772783457173,6,1.0
30,129,26.93883351200691,6,1.0
31,128,17.08814440013421,6,1.0
32,127,26.938776178785048,6,1.0
33,126,38.79013240664989,6,1.0
34,125,26.938838394046954,6,1.0
35,124,38.78995139554512,6,1.0
36,123,52.64111190200806,6,1.0
37,122,38.78972942769886,6,1.0
38,121,26.93864743639017,6,1.0
39,120,38.79015868094686,6,1.0
40,119,26.938053810236823,6,1.0
41,118,38.79256054068692,6,1.0
42,117,52.64491141739805,6,1.0
43,116,38.79281349800965,6,1.0
44,115,52.6465158782308,6,1.0
45,114,68.49977287867287,6,1.0
46,113,86.3537627901272,6,1.0
47,112,68.50019780884551,6,1.0
48,111,52.645561618410895,6,1.0
49,110,38.79224091057851,6,1.0
50,109,52.645917194151565,6,1.0
51,108,38.79383041471094,6,1.0
52,107,26.94101703060238,6,1.0
53,106,38.79596394614623,6,1.0
54,105,26.944169741944734,6,1.0
55,104,17.09273561177318,6,1.0
56,103,26.946998456294224,6,1.0
57,102,38.79997250060373,6,1.0
58,101,26.947472845659334,6,1.0
59,100,17.095640342778125,6,1.0
60,99,9.242438499911287,6,1.0
61,98,17.092383960121907,6,1.0
62,97,26.946579578847462,6,1.0
63,96,38.80234993651345,6,1.0
64,95,26.94918032842088,6,1.0
65,94,38.802045391853724,6,1.0
66,93,26.949478035663645,6,1.0
67,92,17.09736110247941,6,1.0
68,91,9.245903811665897,6,1.0
69,90,3.3947016722369767,6,1.0
70,89,-0.45504216391010743,6,1.0
71,88,-2.3042666786417954,6,1.0
72,87,-2.152849136785207,6,1.0
73,86,-0.0007279491407530259,6,1.0
74,85,-2.152592624602377,6,1.0
75,84,-0.0008498970703954001,6,1.0
76,83,4.151684549488401,6,1.0
77,82,-0.0007842495754175616,6,1.0
78,81,-2.1525712113086684,6,1.0
79,80,-0.000807831192716435,6,1.0
80,79,4.1516328317187,6,1.0
81,78,10.304915222630825,6,1.0
82,77,18.458953938189865,6,1.0
83,76,28.613582093388388,6,1.0
84,75,40.76904293738437,6,1.0
85,74,28.613791982120503,6,1.0
86,73,40.769065321101806,6,1.0
87,72,28.613176104051007,6,1.0
88,71,18.45822304236721,6,1.0
89,70,10.304501978384508,6,1.0
90,69,4.15133849355319,6,1.0
91,68,-0.0010014237689901506,6,1.0
92,67,-2.1516733778922372,6,1.0
93,66,-2.301500366951039,6,1.0
94,65,-0.44945697672894624,6,1.0
95,64,3.404157942135839,6,1.0
96,63,9.257334634779951,6,1.0
97,62,3.404056674222531,6,1.0
98,61,9.259210881171398,6,1.0
99,60,17.114161023572706,6,1.0
100,59,26.968679068870344,6,1.0
101,58,38.82772325470644,6,1.0
102,57,26.97211366517216,6,1.0
103,56,38.83166307624094,6,1.0
104,55,52.69043209637269,6,1.0
105,54,68.55285971271982,6,1.0
106,53,86.41227971600802,6,1.0
107,52,106.27742923798746,6,1.0
108,51,128.14414898884132,6,1.0
109,50,152.01243926609087,6,1.0
110,49,177.8823056833008,6,1.0
111,48,205.7488343073386,6,1.0
112,47,177.88428700194277,6,1.0
113,46,152.01426739833428,6,1.0
114,45,177.8842570386145,6,1.0
115,44,205.74909467165963,6,1.0
116,43,177.8857521252384,6,1.0
117,42,205.75742179580027,6,1.0
118,41,235.6306624632997,6,1.0
119,40,267.5055230674499,6,1.0
120,39,301.3819114585905,6,1.0
121,38,267.5125186279515,6,1.0
122,37,235.6372700455642,6,1.0
123,36,267.5125088616534,6,1.0
124,35,301.3892859566978,6,1.0
125,34,267.522623689923,6,1.0
126,33,301.3999827870862,6,1.0
127,32,337.27891567452673,6,1.0
128,31,375.1594188798581,6,1.0
129,30,337.2883724203133,6,1.0
130,29,301.4181001035375,6,1.0
131,28,267.54812103929123,6,1.0
132,27,235.67670498276573,6,1.0
133,26,267.55426952339656,6,1.0
134,25,235.68385783065435,6,1.0
135,24,205.8141688665678,6,1.0
136,23,177.94519459876392,6,1.0
137,22,152.0777541663815,6,1.0
138,21,128.2086976408084,6,1.0
139,20,106.34216808241177,6,1.0
140,19,128.21440297436325,6,1.0
141,18,152.0882286990929,6,1.0
142,17,177.96361618560167,6,1.0
143,16,152.0924478621493,6,1.0
144,15,128.22515990906666,6,1.0
145,14,106.35778486653095,6,1.0
146,13,128.2313749078725,6,1.0
147,12,106.36246449490608,6,1.0
148,11,86.49547234537329,6,1.0
149,10,68.62922326851185,6,1.0
150,9,52.76313822240108,6,1.0
151,8,38.89803060379441,6,1.0
152,7,27.033443628615345,6,1.0
153,6,17.16815696740551,6,1.0
154,5,9.304683897575714,6,1.0
155,4,3.4416526899967153,6,1.0
156,3,-0.4207322325276124,6,1.0
157,2,-2.2824468081990403,6,1.0
158,1,-2.1436663076848745,6,1.0
0,159,1.9578445247248055e-06,7,1.0
1,158,-0.00027182083033494564,7,1.0
2,157,-2.15171116862863,7,1.0
3,156,0.0015393614539291889,7,1.0
4,155,4.156831143609885,7,1.0
5,154,10.314522239230136,7,1.0
6,153,4.156871470034957,7,1.0
7,152,2.2057325267610395e-05,7,1.0
8,151,4.15690282495359,7,1.0
9,150,8.702526244519504e-06,7,1.0
10,149,-2.1558235443987073,7,1.0
11,148,-2.3106802099124693,7,1.0
12,147,-2.155905912453818,7,1.0
13,146,5.4989530255511454e-05,7,1.0
14,145,-2.1563266141440565,7,1.0
15,144,0.00011774579409973285,7,1.0
16,143,-2.1560535734643764,7,1.0
17,142,-2.311010556376381,7,1.0
18,141,-0.464939239113221,7,1.0
19,140,3.382180804148959,7,1.0
20,139,-0.46501192008015835,7,1.0
21,138,3.381299560881253,7,1.0
22,137,-0.465282028135519,7,1.0
23,136,3.3819641951100223,7,1.0
24,135,-0.46469935145299957,7,1.0
25,134,3.3839647862311253,7,1.0
26,133,9.234465413125683,7,1.0
27,132,17.084720469100482,7,1.0
28,131,9.234536044822569,7,1.0
29,130,17.08688157714777,7,1.0
30,129,26.936948309707752,7,1.0
31,128,17.086148735081686,7,1.0
32,127,26.936881765963513,7,1.0
33,126,38.78845966126901,7,1.0
34,125,26.936954582881093,7,1.0
35,124,38.78824887587151,7,1.0
36,123,52.639598304759666,7,1.0
37,122,38.787990104746974,7,1.0
38,121,26.93673211758601,7,1.0
39,120,17.08528168779602,7,1.0
40,119,26.936039720900958,7,1.0
41,118,17.085686982129552,7,1.0
42,117,26.9396455890218,7,1.0
43,116,38.79158889747499,7,1.0
44,115,52.645904227078766,7,1.0
45,114,68.49969975278734,7,1.0
46,113,86.35435011651401,7,1.0
47,112,68.50019565222834,7,1.0
48,111,52.644791146649546,7,1.0
49,110,38.790921099594605,7,1.0
50,109,52.6452061262084,7,1.0
51,108,38.792775596481526,7,1.0
52,107,26.93949713530555,7,1.0
53,106,38.795264890248355,7,1.0
54,105,26.943175381353264,7,1.0
55,104,17.09150574287954,7,1.0
56,103,26.946475682489712,7,1.0
57,102,17.094451167440347,7,1.0
58,101,9.243209006337786,7,1.0
59,100,3.3908810777836393,7,1.0
60,99,9.241162361021289,7,1.0
61,98,17.09109559891349,7,1.0
62,97,9.240171220353297,7,1.0
63,96,17.093678195241928,7,1.0
64,95,26.949021554333903,7,1.0
65,94,17.096817388252155,7,1.0
66,93,9.245174992977802,7,1.0
67,92,17.096902393092712,7,1.0
68,91,9.24520527439092,7,1.0
69,90,3.3938056964329917,7,1.0
70,89,-0.45589271596376335,7,1.0
71,88,-2.304985395886341,7,1.0
72,87,-2.153329152897662,7,1.0
73,86,-0.0008520838158361244,7,1.0
74,85,4.152505770201877,7,1.0
75,84,-0.0009945971104130535,7,1.0
76,83,4.151964413790822,7,1.0
77,82,-0.0009179468890039288,7,1.0
78,81,-2.153005066929893,7,1.0
79,80,-0.0009454770244232691,7,1.0
80,79,4.15190404233028,7,1.0
81,78,10.30573552296402,7,1.0
82,77,18.460449268249228,7,1.0
83,76,28.61585054914479,7,1.0
84,75,40.77222320785118,7,1.0
85,74,28.616095417710063,7,1.0
86,73,40.77224930521107,7,1.0
87,72,28.615376724967156,7,1.0
88,71,18.459596253493423,7,1.0
89,70,10.305253116701785,7,1.0
90,69,4.1515603227805755,7,1.0
91,68,-0.0011718680967334194,7,1.0
92,67,-2.1519580372000533,7,1.0
93,66,-2.30175833973464,7,1.0
94,65,-0.449376612158197,7,1.0
95,64,3.4048386035276295,7,1.0
96,63,9.258542451327209,7,1.0
97,62,3.4047204578006003,7,1.0
98,61,9.26073155328654,7,1.0
99,60,17.116504445123148,7,1.0
100,59,26.971773095622844,7,1.0
101,58,38.832322510562996,7,1.0
102,57,26.97578043214343,7,1.0
103,56,38.83691936955511,7,1.0
104,55,52.697147623586325,7,1.0
105,54,68.56164453472584,7,1.0
106,53,86.422632086781,7,1.0
107,52,106.29030459920543,7,1.0
108,51,128.15980909981445,7,1.0
109,50,152.03114593578655,7,1.0
110,49,177.90432165706724,7,1.0
111,48,205.77360267495257,7,1.0
112,47,177.90663343925414,7,1.0
113,46,152.03327896907015,7,1.0
114,45,177.9065985135175,7,1.0
115,44,205.7739065957343,7,1.0
116,43,177.90834291867594,7,1.0
117,42,205.7836226709239,7,1.0
118,41,235.66073534087283,7,1.0
119,40,267.53973802732895,7,1.0
120,39,301.4205232305239,7,1.0
121,38,267.547900504343,7,1.0
122,37,235.66844509021055,7,1.0
123,36,267.5478891319886,7,1.0
124,35,301.42912791637815,7,1.0
125,34,267.5596910975525,7,1.0
126,33,301.44160899911213,7,1.0
127,32,337.32536308160013,7,1.0
128,31,375.2109493004938,7,1.0
129,30,337.336397314693,7,1.0
130,29,301.46274846925184,7,1.0
131,28,267.58944166069176,7,1.0
132,27,235.7144580542508,7,1.0
133,26,267.5966158898338,7,1.0
134,25,235.7228041639627,7,1.0
135,24,205.84983559238216,7,1.0
136,23,177.9777008038578,7,1.0
137,22,152.10735556583558,7,1.0
138,21,128.23512452594898,7,1.0
139,20,106.36584185144417,7,1.0
140,19,128.24178174384903,7,1.0
141,18,152.11957770852612,7,1.0
142,17,177.99919582959072,7,1.0
143,16,152.12450084176464,7,1.0
144,15,128.2543334107963,7,1.0
145,14,106.38406424960445,7,1.0
146,13,128.2615854164756,7,1.0
147,12,106.38952473463976,7,1.0
148,11,86.51970221548368,7,1.0
149,10,68.65074661224469,7,1.0
150,9,52.781982281799806,7,1.0
151,8,38.914358339906265,7,1.0
152,7,27.0473417939913,7,1.0
153,6,17.179508598409647,7,1.0
154,5,9.313791534721751,7,1.0
155,4,3.44858991418765,7,1.0
156,3,-0.41585772496085127,7,1.0
157,2,-2.279523269404251,7,1.0
158,1,-2.1426114084031767,7,1.0
0,159,2.039889139382467e-06,8,1.0
1,158,-0.00022247678564468742,8,1.0
2,157,-2.152631728585753,8,1.0
3,156,0.0018441145247294344,8,1.0
4,155,4.157820723403233,8,1.0
5,154,10.316620018025873,8,1.0
6,153,4.157865753958411,8,1.0
7,152,2.90263381970135e-05,8,1.0
8,151,4.15789973958308,8,1.0
9,150,1.3235096368191535e-05,8,1.0
10,149,4.158249146738129,8,1.0
11,148,-9.332959932351059e-05,8,1.0
12,147,4.158247099476128,8,1.0
13,146,6.556048310812912e-05,8,1.0
14,145,-2.1572335383320933,8,1.0
15,144,0.0001372769864502743,8,1.0
16,143,-2.1569218561558188,8,1.0
17,142,-2.312592417253299,8,1.0
18,141,-0.46708738321689225,8,1.0
19,140,-2.3126449455970146,8,1.0
20,139,-0.46717034393823553,8,1.0
21,138,3.378609653034765,8,1.0
22,137,-0.4674788753685988,8,1.0
23,136,3.3793692615044364,8,1.0
24,135,-0.46681301798619046,8,1.0
25,134,3.381655492311509,8,1.0
26,133,9.232223199602558,8,1.0
27,132,3.383263927181112,8,1.0
28,131,9.23230403717885,8,1.0
29,130,17.084980558548523,8,1.0
30,129,9.234915065340587,8,1.0
31,128,17.084143198710763,8,1.0
32,127,26.93497715009542,8,1.0
33,126,38.786776849055016,8,1.0
34,125,26.935060512164,8,1.0
35,124,38.786536051245164,8,1.0
36,123,52.63807477073992,8,1.0
37,122,38.786240456955,8,1.0
38,121,26.93480650673459,8,1.0
39,120,17.08315278576393,8,1.0
40,119,26.9340152872644,8,1.0
41,118,17.083616035131726,8,1.0
42,117,26.938136360112907,8,1.0
43,116,38.790353662388085,8,1.0
44,115,52.64528198393255,8,1.0
45,114,38.79233745746495,8,1.0
46,113,26.938493578663014,8,1.0
47,112,38.79076617489926,8,1.0
48,111,52.64401003388677,8,1.0
49,110,38.7895907023493,8,1.0
50,109,52.64448436536881,8,1.0
51,108,38.791710192466255,8,1.0
52,107,26.93796705948857,8,1.0
53,106,38.79455523740343,8,1.0
54,105,26.942170856171813,8,1.0
55,104,17.090266423795498,8,1.0
56,103,26.94594273986492,8,1.0
57,102,17.09363268482427,8,1.0
58,101,9.242216835190874,8,1.0
59,100,3.3895602848051567,8,1.0
60,99,9.239877851957303,8,1.0
61,98,17.089797795172657,8,1.0
62,97,9.23874519585874,8,1.0
63,96,17.092749372503775,8,1.0
64,95,26.94885250133059,8,1.0
65,94,17.09633708259733,8,1.0
66,93,9.244463766823586,8,1.0
67,92,17.096434255104185,8,1.0
68,91,9.244498392299164,8,1.0
69,90,3.3929026867581698,8,1.0
70,89,-0.4567487904451326,8,1.0
71,88,-2.3057079206708053,8,1.0
72,87,-2.1538110584586576,8,1.0
73,86,-0.0009759726349116704,8,1.0
74,85,4.152865751939224,8,1.0
75,84,-0.0011391160608553719,8,1.0
76,83,4.152246771292766,8,1.0
77,82,-0.0010514399199337277,8,1.0
78,81,-2.1534408478968317,8,1.0
79,80,-0.00108292236613039,8,1.0
80,79,4.1521777287571595,8,1.0
81,78,10.306560776640296,8,1.0
82,77,18.46195220411491,8,1.0
83,76,28.618129423477995,8,1.0
84,75,40.775416878886375,8,1.0
85,74,28.61840929534604,8,1.0
86,73,40.775446675855434,8,1.0
87,72,28.617587775000317,8,1.0
88,71,18.46097709653415,8,1.0
89,70,10.30600927218498,8,1.0
90,69,4.151784696388994,8,1.0
91,68,-0.001342127067779586,8,1.0
92,67,-2.152244683718024,8,1.0
93,66,-2.302020282852638,8,1.0
94,65,-0.44930206084274005,8,1.0
95,64,3.4055117778724338,8,1.0
96,63,9.259741231366007,8,1.0
97,62,3.405376752985127,8,1.0
98,61,9.26224322011997,8,1.0
99,60,17.118837458439756,8,1.0
100,59,26.97485541142983,8,1.0
101,58,38.83690896741602,8,1.0
102,57,26.97943556552306,8,1.0
103,56,38.84216295129485,8,1.0
104,55,52.70384942657452,8,1.0
105,54,68.57041483203844,8,1.0
106,53,86.43296912963302,8,1.0
107,52,68.57067027185057,8,1.0
108,51,86.4393630953598,8,1.0
109,50,106.31015021412185,8,1.0
110,49,128.18303178727678,8,1.0
111,48,152.05801474881508,8,1.0
112,47,177.92896336310824,8,1.0
113,46,152.05227413398634,8,1.0
114,45,177.92892345127802,8,1.0
115,44,205.79870172258518,8,1.0
116,43,177.93091723786512,8,1.0
117,42,205.8098069696698,8,1.0
118,41,235.69079164785148,8,1.0
119,40,267.5739365380949,8,1.0
120,39,301.4591187604963,8,1.0
121,38,267.5832661995622,8,1.0
122,37,235.6996038502018,8,1.0
123,36,267.5832532055786,8,1.0
124,35,301.46895387279176,8,1.0
125,34,267.5967426847162,8,1.0
126,33,301.4832195815088,8,1.0
127,32,337.37179515313835,8,1.0
128,31,375.2624647745988,8,1.0
129,30,337.3844072514659,8,1.0
130,29,301.50738195113956,8,1.0
131,28,267.63074755179355,8,1.0
132,27,235.75219654878094,8,1.0
133,26,267.6389477892843,8,1.0
134,25,235.76173623952218,8,1.0
135,24,205.8854883442467,8,1.0
136,23,178.0101933919941,8,1.0
137,22,152.13694381666437,8,1.0
138,21,128.26153870133598,8,1.0
139,20,106.3895034978423,8,1.0
140,19,128.26914807609882,8,1.0
141,18,152.15091406445285,8,1.0
142,17,178.03476269334004,8,1.0
143,16,152.1565413985042,8,1.0
144,15,128.28349504799607,8,1.0
145,14,106.41033236002667,8,1.0
146,13,128.29178434760703,8,1.0
147,12,106.41657396314207,8,1.0
148,11,86.54392175395151,8,1.0
149,10,68.6722603734382,8,1.0
150,9,52.80081754305897,8,1.0
151,8,38.930678130803614,8,1.0
152,7,27.06123291282867,8,1.0
153,6,17.190854034023232,8,1.0
154,5,9.322893961148253,8,1.0
155,4,3.4555229460197694,8,1.0
156,3,-0.41098634665350176,8,1.0
157,2,-2.276601756536003,8,1.0
158,1,-2.141557459334777,8,1.0
0,159,1.8753559274387044e-06,9,1.0
1,158,-0.00015217620061491743,9,1.0
2,157,-2.153674263464481,9,1.0
3,156,0.0018404273961110107,9,1.0
4,155,4.158815513384546,9,1.0
5,154,10.318732160390326,9,1.0
6,153,4.158865985516762,9,1.0
7,152,10.31860326663542,9,1.0
8,151,4.158903244760133,9,1.0
9,150,1.9733021687784458e-05,9,1.0
10,149,4.159295576272584,9,1.0
11,148,10.3210401446036,9,1.0
12,147,4.1592928977603165,9,1.0
13,146,7.828491193606624e-05,9,1.0
14,145,-2.1581418279686417,9,1.0
15,144,0.00015906842287449763,9,1.0
16,143,-2.1577915450858427,9,1.0
17,142,-2.3141786570501353,9,1.0
18,141,-0.46924231184184606,9,1.0
19,140,-2.3142377052525944,9,1.0
20,139,-0.4693355993078967,9,1.0
21,138,3.37591098900846,9,1.0
22,137,-0.46968255351565347,9,1.0
23,136,3.3767654750523306,9,1.0
24,135,-0.4689335600147828,9,1.0
25,134,-2.314007909087003,9,1.0
26,133,-0.4676098129295738,9,1.0
27,132,3.38114656771063,9,1.0
28,131,9.23006126516431,9,1.0
29,130,17.083067430186674,9,1.0
30,129,9.232998605167595,9,1.0
31,128,17.082125498365983,9,1.0
32,127,26.933059334323772,9,1.0
33,126,38.78508014458245,9,1.0
34,125,26.933153185648706,9,1.0
35,124,38.784809146635624,9,1.0
36,123,52.63653663720001,9,1.0
37,122,38.7844767004141,9,1.0
38,121,26.932867592699807,9,1.0
39,120,17.08101175499209,9,1.0
40,119,26.931977503907433,9,1.0
41,118,17.08153295182902,9,1.0
42,117,26.936613748317285,9,1.0
43,116,38.78910406484208,9,1.0
44,115,52.64464462287984,9,1.0
45,114,38.791335931190346,9,1.0
46,113,26.937015809139524,9,1.0
47,112,38.78956826573666,9,1.0
48,111,52.64321374329033,9,1.0
49,110,38.78824594873784,9,1.0
50,109,52.64374737972284,9,1.0
51,108,38.7906304236824,9,1.0
52,107,26.936423704928757,9,1.0
53,106,38.793831210201205,9,1.0
54,105,26.941153059608794,9,1.0
55,104,17.089015149474875,9,1.0
56,103,26.94539652095223,9,1.0
57,102,17.092802284487405,9,1.0
58,101,9.241214292817617,9,1.0
59,100,3.3882308793231104,9,1.0
60,99,9.23858296964626,9,1.0
61,98,17.088488028624383,9,1.0
62,97,9.237308813769218,9,1.0
63,96,17.091808583673767,9,1.0
64,95,26.948670074868318,9,1.0
65,94,17.09584482277407,9,1.0
66,93,9.243742171114036,9,1.0
67,92,17.095954155523174,9,1.0
68,91,9.243781141862343,9,1.0
69,90,3.3919910759471605,9,1.0
70,89,-0.4576115497975479,9,1.0
71,88,-2.306435059802631,9,1.0
72,87,-2.1542953538332057,9,1.0
73,86,-0.0010998586727311022,9,1.0
74,85,4.1532282653012516,9,1.0
75,84,-0.0012836968411207295,9,1.0
76,83,4.15253159019985,9,1.0
77,82,-0.0011849710993345752,9,1.0
78,81,-2.1538790553441487,9,1.0
79,80,-0.00122040873501561,9,1.0
80,79,4.15245386488796,9,1.0
81,78,10.30739112872979,9,1.0
82,77,18.46346301961225,9,1.0
83,76,28.620419077666796,9,1.0
84,75,40.77862435905581,9,1.0
85,74,28.620733974855057,9,1.0
86,73,40.77865784690968,9,1.0
87,72,28.61980960917775,9,1.0
88,71,18.462365829568654,9,1.0
89,70,10.306770567967448,9,1.0
90,69,4.152011562474762,9,1.0
91,68,-0.001512465634064597,9,1.0
92,67,-2.1525338306399817,9,1.0
93,66,-2.302286992676194,9,1.0
94,65,-0.4492344369946153,9,1.0
95,64,3.4061759998849084,9,1.0
96,63,9.26092912646088,9,1.0
97,62,3.4060240942675364,9,1.0
98,61,9.263744034570735,9,1.0
99,60,17.121157803375993,9,1.0
100,59,26.977923314454912,9,1.0
101,58,17.121117731278275,9,1.0
102,57,26.983076364444543,9,1.0
103,56,38.84739065303543,9,1.0
104,55,52.7105338421579,9,1.0
105,54,68.57916641987963,9,1.0
106,53,86.44328611024494,9,1.0
107,52,68.5794538166821,9,1.0
108,51,86.45048002964484,9,1.0
109,50,106.32386261544485,9,1.0
110,49,128.19960175318607,9,1.0
111,48,152.07770524455645,9,1.0
112,47,177.95126957390403,9,1.0
113,46,152.07124634483915,9,1.0
114,45,177.95122465848013,9,1.0
115,44,205.8234721936372,9,1.0
116,43,177.95346788296084,9,1.0
117,42,205.83596685234863,9,1.0
118,41,235.72082288777926,9,1.0
119,40,267.60810942805176,9,1.0
120,39,301.4976881901891,9,1.0
121,38,267.6186065444561,9,1.0
122,37,235.73073782209696,9,1.0
123,36,267.61859191780917,9,1.0
124,35,301.5087539834964,9,1.0
125,34,267.63376928698636,9,1.0
126,33,301.5248046997597,9,1.0
127,32,337.41820136890993,9,1.0
128,31,375.31395408284334,9,1.0
129,30,337.432391712343,9,1.0
130,29,301.5519907129573,9,1.0
131,28,267.67202953652816,9,1.0
132,27,235.78991193266808,9,1.0
133,26,267.6812560500804,9,1.0
134,25,235.80064552345613,9,1.0
135,24,205.92111920915352,9,1.0
136,23,178.0426650543981,9,1.0
137,22,152.16651219587166,9,1.0
138,21,128.28793401506155,9,1.0
139,20,106.41314742425274,9,1.0
140,19,128.29649582144248,9,1.0
141,18,152.18223105086003,9,1.0
142,17,178.07030948240444,9,1.0
143,16,152.18856281424377,9,1.0
144,15,128.312638664521,9,1.0
145,14,106.4365835896628,9,1.0
146,13,128.3219655552365,9,1.0
147,12,106.44360657227116,9,1.0
148,11,86.56812587859835,9,1.0
149,10,68.69375998173341,9,1.0
150,9,52.819639935116726,9,1.0
151,8,38.946986394356855,9,1.0
152,7,27.07511388171838,9,1.0
153,6,17.202190639419626,9,1.0
154,5,9.331988999626176,9,1.0
155,4,3.4624500557353457,9,1.0
156,3,-0.40611938962481275,9,1.0
157,2,-2.2736831302708183,9,1.0
158,1,-2.1405048943298226,9,1.0
0,159,1.6264131517118585e-06,10,1.0
1,158,-8.70329818241089e-05,10,1.0
2,157,-2.1548028228070777,10,1.0
3,156,0.001648660811426339,10,1.0
4,155,4.159814758183288,10,1.0
5,154,10.320856201530056,10,1.0
6,153,4.15987136583135,10,1.0
7,152,10.320712137491846,10,1.0
8,151,4.159912366455615,10,1.0
9,150,2.7521687627540814e-05,10,1.0
10,149,4.160347640694589,10,1.0
11,148,10.323413152963191,10,1.0
12,147,4.16034442750432,10,1.0
13,146,9.248081730817148e-05,10,1.0
14,145,-2.1590522576815516,10,1.0
15,144,0.0001824156573988489,10,1.0
16,143,-2.1586634297884544,10,1.0
17,142,-2.315770348153208,10,1.0
18,141,-0.47140556517097565,10,1.0
19,140,-2.3158359132873443,10,1.0
20,139,-0.4715092035441586,10,1.0
21,138,3.373201438899059,10,1.0
22,137,-0.4718945701961772,10,1.0
23,136,3.3741507379144053,10,1.0
24,135,-0.471062478400313,10,1.0
25,134,-2.3155806015624876,10,1.0
26,133,-0.469591890343672,10,1.0
27,132,3.3790180897235587,10,1.0
28,131,9.227805006465438,10,1.0
29,130,3.3796676192205695,10,1.0
30,129,9.231068609853601,10,1.0
31,128,17.080092147639625,10,1.0
32,127,9.230345820451298,10,1.0
33,126,17.080183236179373,10,1.0
34,125,26.931228257122335,10,1.0
35,124,38.78306286602372,10,1.0
36,123,52.634977558869515,10,1.0
37,122,38.78269355185028,10,1.0
38,121,26.930911050626626,10,1.0
39,120,17.07885510886863,10,1.0
40,119,26.929922065122177,10,1.0
41,118,17.079434246668775,10,1.0
42,117,26.935073460984704,10,1.0
43,116,38.78783492148283,10,1.0
44,115,52.643986000691235,10,1.0
45,114,38.79031486707621,10,1.0
46,113,26.935520395018834,10,1.0
47,112,38.78835080064113,10,1.0
48,111,52.64239614745326,10,1.0
49,110,38.78688164919736,10,1.0
50,109,26.934797406495015,10,1.0
51,108,38.78953110114468,10,1.0
52,107,26.934862735701607,10,1.0
53,106,38.79308762902405,10,1.0
54,105,26.940117654123235,10,1.0
55,104,17.087748357846586,10,1.0
56,103,26.944832693720805,10,1.0
57,102,17.09195639068688,10,1.0
58,101,9.240198501313309,10,1.0
59,100,3.386890623189707,10,1.0
60,99,9.23727483770545,10,1.0
61,98,17.087162735238785,10,1.0
62,97,9.235859195570008,10,1.0
63,96,17.090852264831348,10,1.0
64,95,26.9484699731484,10,1.0
65,94,17.095337041491796,10,1.0
66,93,9.243007321926306,10,1.0
67,92,17.095458527608166,10,1.0
68,91,9.243050637202764,10,1.0
69,90,3.3910686077814347,10,1.0
70,89,-0.45848267008202725,10,1.0
71,88,-2.3071679564892094,10,1.0
72,87,-2.154782696679284,10,1.0
73,86,-0.001223961269353424,10,1.0
74,85,4.153593483238417,10,1.0
75,84,-0.0014285596540091205,10,1.0
76,83,4.152819043695672,10,1.0
77,82,-0.0013187610249971726,10,1.0
78,81,-2.1543203487414218,10,1.0
79,80,-0.0013581566824996116,10,1.0
80,79,4.152732626543433,10,1.0
81,78,10.308227108991652,10,1.0
82,77,18.464982557703344,10,1.0
83,76,28.62272062820977,10,1.0
84,75,40.78184699985349,10,1.0
85,74,28.62307056888512,10,1.0
86,73,40.781884172100426,10,1.0
87,72,28.62204333340396,10,1.0
88,71,18.463763274862394,10,1.0
89,70,10.307537506969446,10,1.0
90,69,4.1522410669387995,10,1.0
91,68,-0.001683130731969129,10,1.0
92,67,-2.1528261508690534,10,1.0
93,66,-2.302559600839949,10,1.0
94,65,-0.4491753637436915,10,1.0
95,64,3.4068291236266504,10,1.0
96,63,9.26210343782008,10,1.0
97,62,3.406660336183755,10,1.0
98,61,9.265231299861263,10,1.0
99,60,17.12346220233669,10,1.0
100,59,26.980972919379546,10,1.0
101,58,38.846029444845776,10,1.0
102,57,26.986698945593524,10,1.0
103,56,38.85259795928642,10,1.0
104,55,52.7171956971438,10,1.0
105,54,68.58789344186087,10,1.0
106,53,86.45357646292553,10,1.0
107,52,68.58821279983601,10,1.0
108,51,86.46157048907682,10,1.0
109,50,106.3375467228594,10,1.0
110,49,128.2161417002656,10,1.0
111,48,152.09736409089126,10,1.0
112,47,177.97354241818238,10,1.0
113,46,152.090186755756,10,1.0
114,45,177.97349248964272,10,1.0
115,44,205.84820754517975,10,1.0
116,43,177.9759852044854,10,1.0
117,42,205.86209187478957,10,1.0
118,41,235.75081780573257,10,1.0
119,40,267.64224461401227,10,1.0
120,39,301.5362185972882,10,1.0
121,38,267.65390945959035,10,1.0
122,37,235.76183574693331,10,1.0
123,36,267.6538931948193,10,1.0
124,35,301.5485153439276,10,1.0
125,34,267.67075883182343,10,1.0
126,33,301.56635145796963,10,1.0
127,32,337.4645679948279,10,1.0
128,31,375.36540264021806,10,1.0
129,30,337.48033696614493,10,1.0
130,29,301.59656185919374,10,1.0
131,28,267.7132755341337,10,1.0
132,27,235.8275929228956,10,1.0
133,26,267.72352859642797,10,1.0
134,25,235.83952073325887,10,1.0
135,24,205.9567176817009,10,1.0
136,23,178.07510604686624,10,1.0
137,22,152.19605170279604,10,1.0
138,21,128.31430219599167,10,1.0
139,20,106.43676607323513,10,1.0
140,19,128.32381671122445,10,1.0
141,18,152.21351967454723,10,1.0
142,17,178.1058264675332,10,1.0
143,16,152.2205560941462,10,1.0
144,15,128.34175598618637,10,1.0
145,14,106.46281037163348,10,1.0
146,13,128.35212077498127,10,1.0
147,12,106.47061499527015,10,1.0
148,11,86.59230770886305,10,1.0
149,10,68.71523922923527,10,1.0
150,9,52.83844391077603,10,1.0
151,8,38.963278234141775,10,1.0
152,7,27.088980445240104,10,1.0
153,6,17.213514790544885,10,1.0
154,5,9.341073646909003,10,1.0
155,4,3.469368851216835,10,1.0
156,3,-0.40125864417600354,10,1.0
157,2,-2.2707685852249853,10,1.0
158,1,-2.1394543165946445,10,1.0
